,Make,Price,Year,Kilometer,Fuel Type
0,Honda,505000,2017,87150,Petrol
1,Maruti Suzuki,450000,2014,75000,Diesel
2,Hyundai,220000,2011,67000,Petrol
3,Toyota,799000,2019,37500,Petrol
4,Toyota,1950000,2018,69000,Diesel
5,Maruti Suzuki,675000,2017,73315,Petrol
6,Mercedes-Benz,1898999,2015,47000,Petrol
7,BMW,2650000,2017,75000,Diesel
8,Skoda,1390000,2017,56000,Petrol
9,Nissan,575000,2015,85000,Diesel
10,Hyundai,591000,2017,20281,Petrol
11,Renault,459999,2018,22541,Petrol
12,Maruti Suzuki,1075000,2019,30672,Petrol
13,Tata,1695000,2019,20856,Diesel
14,Volkswagen,944999,2017,41417,Petrol
15,Maruti Suzuki,569000,2016,11471,Petrol
16,Maruti Suzuki,449000,2019,3583,Petrol
17,Maruti Suzuki,894999,2018,21365,Petrol
18,Maruti Suzuki,699000,2020,30777,Petrol
19,Hyundai,740000,2016,60125,Petrol
20,Maruti Suzuki,470000,2020,2169,Petrol
21,Volkswagen,765000,2015,60240,Petrol
22,Hyundai,589000,2018,13772,Petrol
23,Hyundai,999000,2019,27464,Petrol
24,Maruti Suzuki,370000,2019,47377,CNG
25,Maruti Suzuki,325000,2013,23086,Petrol
26,Hyundai,1175000,2019,36313,Petrol
27,Honda,351000,2014,39276,Petrol
28,Hyundai,551000,2015,47752,Petrol
29,Honda,819999,2018,27963,Petrol
30,Hyundai,990000,2020,24013,Petrol
31,Hyundai,925000,2016,66000,Diesel
32,Ford,535000,2015,28000,Petrol
33,Honda,860000,2013,67000,Petrol
34,Hyundai,145000,2009,72000,CNG
35,Tata,409000,2018,27069,Petrol
36,Tata,490000,2018,43000,Diesel
37,Toyota,1900000,2019,71000,Diesel
38,Mercedes-Benz,3850000,2017,45600,Diesel
39,Hyundai,1125000,2018,60000,Diesel
40,Mercedes-Benz,2300000,2014,105101,Diesel
41,Toyota,1095000,2016,45000,Petrol
42,Audi,1575000,2013,66000,Diesel
43,Mercedes-Benz,2400000,2010,34105,Petrol
44,Hyundai,525000,2015,68397,Petrol
45,Mahindra,625000,2015,65000,Diesel
46,Maruti Suzuki,605000,2019,27469,Petrol
47,Maruti Suzuki,412000,2016,41058,Petrol
48,Maruti Suzuki,625000,2016,51330,Diesel
49,Maruti Suzuki,511000,2015,45969,Petrol
50,Hyundai,1150000,2017,66602,Diesel
51,Hyundai,885000,2016,57983,Petrol
52,Renault,470000,2019,11183,Petrol
53,MG,1611000,2019,46301,Diesel
54,Tata,475000,2017,34867,Petrol
55,Toyota,865000,2015,43634,Diesel
56,BMW,3800000,2018,9512,Diesel
57,Jeep,2475000,2020,11293,Diesel
58,Mahindra,400000,2014,78000,Diesel
59,Honda,440000,2016,50374,Petrol
60,BMW,2800000,2017,15900,Petrol
61,Honda,645000,2017,64000,Petrol
62,Volkswagen,365000,2013,78000,Diesel
63,Maruti Suzuki,1044999,2021,24000,Petrol
64,Maruti Suzuki,515000,2019,40310,Petrol
65,Hyundai,455000,2015,69700,Petrol
66,BMW,1800000,2012,74073,Diesel
67,Toyota,3499000,2019,73000,Diesel
68,Honda,190000,2006,130000,Petrol
69,Audi,1250000,2012,50000,Diesel
70,Maruti Suzuki,775000,2021,24000,Petrol
71,Hyundai,825000,2021,43000,Diesel
72,Audi,2250000,2016,40500,Diesel
73,Honda,865000,2017,49013,Petrol
74,Ford,299000,2013,64983,Diesel
75,Honda,570000,2017,92270,Petrol
76,Volkswagen,385000,2013,65000,Petrol
77,Honda,350000,2014,110000,Diesel
78,Toyota,2345000,2017,47000,Petrol
79,Mahindra,1650000,2022,10000,Petrol
80,Mercedes-Benz,1100000,2011,51500,Diesel
81,Audi,2900000,2018,35000,Diesel
82,Maruti Suzuki,545000,2017,61518,Petrol
83,BMW,2990000,2018,34000,Diesel
84,Maruti Suzuki,615000,2017,36058,Petrol
85,Hyundai,890000,2016,88000,Diesel
86,Volkswagen,430000,2015,98112,Petrol
87,Mercedes-Benz,1650000,2013,58000,Diesel
88,Toyota,1599000,2015,92355,Petrol
89,Maruti Suzuki,691000,2019,16652,Petrol
90,Nissan,650000,2016,76584,Diesel
91,Maruti Suzuki,415000,2015,42500,CNG
92,Maruti Suzuki,669000,2016,70000,Diesel
93,BMW,2950000,2015,84700,Diesel
94,Mercedes-Benz,3900000,2018,83400,Diesel
95,Porsche,16200000,2022,2766,Petrol
96,Mercedes-Benz,5100000,2017,56000,Petrol
97,Hyundai,525000,2015,68766,Petrol
98,Hyundai,750000,2018,16339,Petrol
99,Honda,445000,2016,63882,Petrol
100,Toyota,493000,2012,28732,Petrol
101,Hyundai,611000,2017,51349,Petrol
102,Hyundai,475000,2014,61866,Petrol
103,Hyundai,925000,2017,29401,Petrol
104,Audi,1325000,2012,98580,Diesel
105,BMW,3900000,2021,8000,Diesel
106,Mahindra,1299000,2020,31348,Diesel
107,Maruti Suzuki,580000,2018,28851,Diesel
108,Honda,229000,2013,38175,Petrol
109,Mahindra,1575000,2021,8519,Petrol
110,Honda,375000,2011,78000,Petrol
111,Mercedes-Benz,2250000,2015,48000,Diesel
112,Toyota,1400000,2014,143000,Diesel
113,Tata,425000,2017,39000,Diesel
114,Skoda,425000,2014,24000,Petrol
115,Maruti Suzuki,250000,2015,62000,Petrol
116,Maruti Suzuki,425000,2012,78000,Diesel
117,Hyundai,120000,2009,48500,LPG
118,Ford,235000,2014,82000,Diesel
119,Audi,3050000,2020,40910,Diesel
120,Tata,2145000,2020,10290,Diesel
121,Hyundai,1245000,2021,10530,Petrol
122,Hyundai,549000,2015,61900,Petrol
123,Volkswagen,484999,2013,78000,Diesel
124,Maruti Suzuki,415000,2014,57402,Petrol
125,Hyundai,200000,2013,57000,CNG
126,Hyundai,375000,2015,87500,Petrol
127,Tata,1375000,2021,16000,Electric
128,Hyundai,1875000,2022,18000,Petrol
129,Audi,2950000,2020,10700,Petrol
130,Audi,4900000,2018,78000,Diesel
131,Hyundai,1050000,2020,16282,Petrol
132,Hyundai,470000,2013,66000,Diesel
133,Maruti Suzuki,345000,2017,72019,Petrol
134,BMW,1490000,2013,195000,Diesel
135,Mahindra,550000,2007,92170,Diesel
136,Hyundai,484999,2018,55221,Petrol
137,Toyota,3350000,2018,25000,Diesel
138,Maruti Suzuki,210000,2011,58888,Petrol
139,Audi,5651000,2022,1,Petrol
140,Renault,890000,2020,23500,Petrol
141,Maruti Suzuki,325000,2012,68000,Petrol
142,Hyundai,1390000,2019,29096,Petrol
143,Hyundai,459999,2016,61223,Petrol
144,Jeep,1075000,2017,86000,Diesel
145,Hyundai,484999,2013,87000,Diesel
146,Hyundai,385000,2013,79287,Petrol
147,Mercedes-Benz,4400000,2018,47009,Diesel
148,Audi,3900000,2018,48945,Diesel
149,Mahindra,1050000,2019,17000,Diesel
150,Kia,1575000,2019,55000,Diesel
151,Maruti Suzuki,655000,2016,38779,Petrol
152,Mercedes-Benz,4500000,2019,72000,Diesel
153,Maruti Suzuki,865000,2016,67000,Diesel
154,Hyundai,699000,2017,67000,Petrol
155,Hyundai,425000,2012,70000,Diesel
156,Land Rover,6500000,2020,6000,Diesel
157,Toyota,2900000,2017,46000,Diesel
158,Mercedes-Benz,4550000,2017,34000,Diesel
159,Hyundai,490000,2015,23103,Petrol
160,Mercedes-Benz,11500000,2016,27000,Petrol
161,Hyundai,1475000,2019,9576,Petrol
162,MG,1729000,2020,27000,Petrol
163,MG,1764999,2021,1942,Petrol
164,Honda,250000,2006,119300,Petrol
165,Maruti Suzuki,245000,2016,55000,Petrol
166,Renault,490000,2015,98000,Diesel
167,Hyundai,550000,2017,61400,Petrol
168,Honda,675000,2016,87693,Petrol
169,Mercedes-Benz,2225000,2015,31000,Petrol
170,Hyundai,560000,2016,75210,Diesel
171,Skoda,225000,2012,69000,Petrol
172,Skoda,499000,2014,88000,Diesel
173,Kia,1055000,2020,15000,Petrol
174,Mahindra,2048999,2020,45350,Diesel
175,BMW,2775000,2018,68189,Diesel
176,Mercedes-Benz,1650000,2015,75000,Diesel
177,Maruti Suzuki,350000,2013,45000,Petrol
178,Audi,1450000,2014,33000,Diesel
179,Mahindra,600000,2014,83000,Diesel
180,BMW,1250000,2012,78000,Diesel
181,Toyota,1675000,2014,211000,Diesel
182,Hyundai,575000,2015,67000,Petrol
183,Ford,699000,2017,75000,Diesel
184,Audi,2450000,2014,48600,Diesel
185,Mercedes-Benz,2775000,2016,48000,Diesel
186,Maruti Suzuki,430000,2020,5790,Petrol
187,Mahindra,1165000,2018,32000,Diesel
188,MG,1780000,2020,65433,Diesel
189,Maruti Suzuki,295000,2011,87230,Diesel
190,Maruti Suzuki,495000,2017,38258,Diesel
191,Honda,975000,2019,56881,Petrol
192,Toyota,645000,2013,76000,Diesel
193,Renault,425000,2014,72000,Diesel
194,Audi,1350000,2012,72000,Diesel
195,Mercedes-Benz,3200000,2014,60514,Diesel
196,Volvo,1250000,2013,71141,Diesel
197,BMW,5600000,2018,40937,Diesel
198,Maruti Suzuki,560000,2013,37000,Diesel
199,Mahindra,1221000,2019,46000,Diesel
200,BMW,2975000,2015,86999,Diesel
201,Honda,295000,2009,70200,Petrol
202,Mercedes-Benz,1300000,2012,64800,Petrol
203,Hyundai,950000,2016,73000,Diesel
204,Mercedes-Benz,1350000,2012,72000,Diesel
205,Mercedes-Benz,2682000,2015,76345,Diesel
206,Maruti Suzuki,286000,2017,40564,Petrol
207,Hyundai,340000,2013,98500,Diesel
208,Skoda,1125000,2020,46807,Petrol
209,Tata,580000,2018,81000,Petrol
210,Maruti Suzuki,495000,2015,13716,Petrol
211,Maruti Suzuki,550000,2014,89000,Diesel
212,Kia,1485000,2021,13000,Diesel
213,Skoda,885000,2018,38000,Petrol
214,Audi,3650000,2012,25500,Petrol
215,Hyundai,715000,2020,17000,Petrol
216,Mercedes-Benz,2485000,2012,44724,Petrol
217,Toyota,2250000,2020,24549,Diesel
218,Hyundai,1050000,2017,97000,Diesel
219,Toyota,3600000,2018,7800,Diesel
220,Honda,295000,2010,78000,Petrol
221,Renault,375000,2019,55000,Petrol
222,Audi,7200000,2021,20000,Petrol
223,Tata,2395000,2021,13594,Diesel
224,Audi,1775000,2014,75000,Diesel
225,Maruti Suzuki,275000,2011,65000,Diesel
226,Honda,325000,2014,43037,Petrol
227,Maruti Suzuki,425000,2013,26000,Diesel
228,Mahindra,1475000,2020,78000,Diesel
229,Toyota,1580000,2018,115000,Diesel
230,Honda,869000,2021,8700,Petrol
231,Mercedes-Benz,5850000,2019,31000,Diesel
232,Jeep,1900000,2020,41736,Diesel
233,Maserati,9000000,2017,40000,Diesel
234,Toyota,3550000,2020,55000,Diesel
235,Porsche,3500000,2014,160000,Petrol
236,Toyota,2425000,2022,11000,Diesel
237,BMW,5811000,2018,24690,Diesel
238,Toyota,750000,2011,117000,Diesel
239,Audi,2200000,2014,95000,Diesel
240,Maruti Suzuki,520000,2019,76000,CNG
241,Maruti Suzuki,390000,2018,18000,Petrol
242,Maruti Suzuki,540000,2015,38000,Petrol
243,Maruti Suzuki,699000,2018,43000,Diesel
244,Hyundai,484999,2013,107000,Diesel
245,Mercedes-Benz,7500000,2021,13000,Petrol
246,Mercedes-Benz,850000,2011,85000,Diesel
247,Tata,1085000,2018,8922,Petrol
248,Maruti Suzuki,319000,2013,47800,Petrol
249,Mahindra,549000,2012,143000,Diesel
250,Tata,1725000,2019,68758,Diesel
251,Honda,475000,2015,72000,Diesel
252,Tata,890000,2022,7500,Petrol
253,Maruti Suzuki,235000,2012,37000,Petrol
254,Hyundai,445000,2016,22402,Petrol
255,Honda,1060000,2019,12382,Petrol
256,Maruti Suzuki,690000,2017,61000,Diesel
257,Jaguar,4200000,2018,90868,Diesel
258,BMW,2950000,2015,84700,Diesel
259,Land Rover,12500000,2022,22010,Petrol
260,Toyota,1750000,2015,72000,Diesel
261,Renault,395000,2018,75500,Petrol
262,BMW,2790000,2018,25000,Diesel
263,Audi,2475000,2018,38000,Diesel
264,Maruti Suzuki,145000,2009,39586,Petrol
265,Hyundai,750000,2018,33647,Petrol
266,BMW,800000,2012,75576,Diesel
267,Mahindra,950000,2016,86000,Diesel
268,Hyundai,569000,2018,57847,Petrol
269,Maruti Suzuki,470000,2016,74000,Petrol
270,Porsche,5350000,2015,58000,Diesel
271,Nissan,450000,2014,85000,Diesel
272,Renault,299000,2016,26000,Petrol
273,Hyundai,1875000,2020,18000,Petrol
274,Mahindra,1825000,2022,11000,Diesel
275,Land Rover,4459000,2018,57300,Diesel
276,BMW,1195000,2010,74000,Diesel
277,Toyota,790000,2019,25000,Petrol
278,Hyundai,1095000,2017,39000,Petrol
279,Toyota,1950000,2020,45000,Diesel
280,Volkswagen,525000,2015,80852,Petrol
281,Isuzu,2100000,2018,75592,Diesel
282,Maruti Suzuki,270000,2014,54420,Petrol
283,Toyota,894999,2015,39780,Petrol
284,Hyundai,335000,2013,78301,Petrol
285,Tata,1000000,2018,38000,Diesel
286,Hyundai,220000,2009,126535,Petrol
287,Hyundai,960000,2016,37079,Petrol
288,Mercedes-Benz,7200000,2018,87200,Diesel
289,Audi,1300000,2014,51000,Diesel
290,Volkswagen,375000,2013,39000,Petrol
291,Maruti Suzuki,300000,2011,90000,Petrol
292,Jaguar,3299000,2017,29999,Diesel
293,Tata,565000,2014,100472,Diesel
294,Audi,1798999,2016,84700,Diesel
295,Maruti Suzuki,189000,2008,19759,Petrol
296,Jaguar,1875000,2014,66000,Diesel
297,Hyundai,545000,2014,56000,Petrol
298,Hyundai,1085000,2022,3383,Petrol
299,Maruti Suzuki,725000,2018,42000,Diesel
300,BMW,1090000,2012,65000,Diesel
301,Honda,900000,2019,17000,Petrol
302,BMW,3400000,2016,38000,Diesel
303,Honda,295000,2014,62500,Diesel
304,Tata,2251000,2021,30229,Diesel
305,Porsche,9300000,2019,9000,Petrol
306,Maruti Suzuki,430000,2016,26600,CNG
307,Maruti Suzuki,600000,2017,86000,Diesel
308,Hyundai,1595000,2017,86000,Petrol
309,Volkswagen,290000,2014,125000,Diesel
310,Hyundai,375000,2013,29135,Petrol
311,Volvo,1200000,2015,50965,Diesel
312,Toyota,1525000,2014,72000,Diesel
313,Mercedes-Benz,2675000,2016,28000,Petrol
314,Honda,545000,2015,42000,Petrol
315,Mercedes-Benz,7900000,2017,11850,Diesel
316,Honda,195000,2010,32000,Petrol
317,BMW,4550000,2021,24000,Diesel
318,Land Rover,2499000,2015,50623,Diesel
319,Mahindra,210000,2012,85000,Diesel
320,Hyundai,1097000,2022,1700,Diesel
321,Volkswagen,1095000,2020,43260,Petrol
322,Maruti Suzuki,325000,2015,67738,CNG
323,Mahindra,1375000,2019,69000,Diesel
324,Audi,975000,2012,93417,Diesel
325,Maruti Suzuki,745000,2021,14722,Petrol
326,Toyota,2175000,2017,29000,Diesel
327,Jeep,1250000,2017,60200,Petrol
328,Maruti Suzuki,500000,2017,140000,Diesel
329,Honda,625000,2017,23798,Petrol
330,Honda,250000,2011,55000,Petrol
331,Volkswagen,650000,2017,51000,Petrol
332,Honda,310000,2014,49000,Petrol
333,Renault,600000,2017,48000,Petrol
334,BMW,1400000,2013,121000,Diesel
335,Ford,295000,2013,74000,Diesel
336,Mahindra,484999,2012,102000,Diesel
337,BMW,4250000,2018,32000,Petrol
338,Tata,1550000,2020,48400,Electric
339,Tata,375000,2013,97000,Diesel
340,Kia,1625000,2021,16000,Petrol
341,Porsche,5350000,2016,55700,Diesel
342,BMW,4250000,2017,80000,Diesel
343,Ford,480000,2014,115000,Diesel
344,Hyundai,590000,2020,74000,Petrol
345,Hyundai,561000,2015,61000,Diesel
346,Toyota,725000,2014,104814,Petrol
347,Hyundai,645000,2013,17000,Petrol
348,Audi,1695000,2015,60000,Diesel
349,Maruti Suzuki,450000,2016,45000,Petrol
350,Mahindra,1375000,2016,75811,Diesel
351,Mahindra,1700000,2021,3813,Petrol
352,Maruti Suzuki,525000,2016,64928,Petrol
353,Maruti Suzuki,590000,2018,68500,Diesel
354,Toyota,1495000,2014,85000,Diesel
355,BMW,3300000,2017,41296,Diesel
356,Honda,385000,2013,72567,Diesel
357,Maruti Suzuki,535000,2020,4295,Petrol
358,Maruti Suzuki,875000,2018,82000,Diesel
359,Maruti Suzuki,295000,2010,33000,Petrol
360,Fiat,235000,2011,54000,Petrol
361,Hyundai,969999,2018,68000,Diesel
362,Honda,1700000,2022,8530,Petrol
363,Hyundai,1789999,2018,46000,Petrol
364,Toyota,1964999,2020,26000,Petrol
365,Audi,4000000,2014,39394,Petrol
366,Tata,484999,2018,35000,Petrol
367,Maruti Suzuki,580000,2019,17881,Petrol
368,Honda,450000,2014,48409,Petrol
369,Maruti Suzuki,355000,2020,40000,Petrol
370,Audi,2375000,2017,61643,Diesel
371,Mercedes-Benz,6500000,2020,21000,Petrol
372,Tata,1050000,2022,1500,Petrol
373,Ford,445000,2014,38985,Diesel
374,Honda,495000,2015,52000,Petrol
375,Hyundai,275000,2011,42000,Petrol
376,Honda,465000,2014,29442,Petrol
377,Jeep,1050000,2017,71800,Diesel
378,Mercedes-Benz,4900000,2022,5000,Petrol
379,Hyundai,695000,2020,18000,CNG
380,Toyota,3210000,2018,37000,Diesel
381,Honda,269000,2009,85000,Petrol
382,Hyundai,445000,2018,65555,Diesel
383,Land Rover,5950000,2021,35000,Diesel
384,BMW,3800000,2018,87000,Diesel
385,Hyundai,1000000,2018,42000,Petrol
386,Mahindra,1490000,2018,68000,Diesel
387,MG,1550000,2022,600,Petrol
388,Tata,199000,2011,192326,Diesel
389,Toyota,575000,2013,82000,Petrol
390,Toyota,484999,2017,86006,Diesel
391,Honda,425000,2014,75000,Diesel
392,Mahindra,1150000,2014,99000,Diesel
393,Skoda,3195000,2021,21651,Petrol
394,Hyundai,725000,2016,84000,Diesel
395,Mercedes-Benz,2450000,2014,65000,Diesel
396,Maruti Suzuki,741000,2017,31000,Petrol
397,Mercedes-Benz,7350000,2022,17000,Diesel
398,Mahindra,1550000,2020,28000,Diesel
399,Honda,645000,2015,64000,Diesel
400,Honda,550000,2014,85000,Diesel
401,Maruti Suzuki,595000,2017,35000,Petrol
402,Volvo,1595000,2015,44000,Diesel
403,Maruti Suzuki,500000,2017,32000,Petrol
404,Maruti Suzuki,345000,2016,49857,Petrol
405,Maruti Suzuki,299000,2013,46000,Petrol
406,Maruti Suzuki,160000,2008,50000,Petrol
407,Maruti Suzuki,570000,2017,36000,Petrol
408,Renault,800000,2021,13000,Petrol
409,Maruti Suzuki,440000,2018,40000,Petrol
410,Mercedes-Benz,509999,2007,39000,Petrol
411,Hyundai,315000,2013,45000,Petrol
412,Maruti Suzuki,227000,2011,87513,Petrol
413,Mercedes-Benz,1850000,2011,26000,Petrol
414,Maruti Suzuki,610000,2022,3800,CNG
415,Toyota,1995000,2018,35123,Diesel
416,Kia,1875000,2021,21000,Diesel
417,Hyundai,1748999,2022,2670,Petrol
418,Skoda,640000,2016,124000,Diesel
419,Hyundai,779000,2016,9889,Petrol
420,Honda,1450000,2021,13000,Petrol
421,Tata,890000,2018,35000,Petrol
422,Maruti Suzuki,625000,2017,51145,Petrol
423,Mercedes-Benz,8500000,2019,13000,Diesel
424,Audi,2900000,2011,56000,Petrol
425,Toyota,434999,2010,120000,Diesel
426,Mercedes-Benz,4550000,2018,45000,Diesel
427,Skoda,2500000,2017,82900,Diesel
428,Maruti Suzuki,249000,2014,56843,CNG + CNG
429,Ford,270000,2015,64000,Petrol
430,Maruti Suzuki,825000,2019,9644,Petrol
431,Maruti Suzuki,425000,2017,41624,Petrol
432,Hyundai,459999,2016,82844,Diesel
433,Mercedes-Benz,980000,2011,78000,Petrol
434,Renault,789000,2017,60444,Petrol
435,BMW,5100000,2022,6000,Petrol
436,Mahindra,775000,2014,125000,Diesel
437,Hyundai,1400000,2019,13000,Petrol
438,Maruti Suzuki,770000,2015,112000,Diesel
439,Maruti Suzuki,445000,2012,54948,Diesel
440,Hyundai,450000,2016,53300,Petrol
441,Honda,840000,2019,34000,Petrol
442,Mercedes-Benz,18500000,2021,21000,Petrol
443,Land Rover,4000000,2017,25500,Diesel
444,Mahindra,690000,2015,157662,Diesel
445,Mercedes-Benz,2800000,2018,20000,Diesel
446,Hyundai,525000,2018,78900,Diesel
447,Maruti Suzuki,285000,2011,52000,CNG
448,Mercedes-Benz,7780000,2022,11000,Diesel
449,Skoda,1989999,2018,103000,Diesel
450,Tata,1200000,2017,95785,Diesel
451,Ford,620000,2017,92000,Diesel
452,Jaguar,5200000,2019,43000,Diesel
453,Mercedes-Benz,1998999,2017,39328,Diesel
454,Toyota,2725000,2020,18625,Diesel
455,Maruti Suzuki,590000,2019,26000,Petrol
456,MINI,1489000,2014,81000,Diesel
457,Maruti Suzuki,685000,2018,92000,Diesel
458,Mahindra,1121000,2019,38000,Diesel
459,Tata,114999,2012,93000,Petrol
460,Maruti Suzuki,545000,2019,10340,Petrol
461,Audi,1350000,2015,47706,Diesel
462,Maruti Suzuki,1299000,2021,13400,Petrol
463,Ford,450000,2016,44613,Diesel
464,Porsche,9000000,2017,7000,Petrol
465,Maruti Suzuki,550000,2019,29000,Petrol
466,BMW,4390000,2020,23000,Diesel
467,Maruti Suzuki,445000,2015,67580,CNG
468,Hyundai,495000,2015,42000,Petrol
469,Hyundai,360000,2015,16205,Petrol
470,Maruti Suzuki,345000,2007,92000,Petrol
471,Hyundai,565000,2016,29000,Petrol
472,Mercedes-Benz,9390000,2022,14000,Diesel
473,Mahindra,615000,2017,69000,Diesel
474,Honda,525000,2015,114635,Diesel
475,BMW,2650000,2018,50000,Diesel
476,BMW,3785000,2019,29221,Diesel
477,Mercedes-Benz,1500000,2012,158000,Petrol
478,Audi,1175000,2012,77000,Diesel
479,Mercedes-Benz,6400000,2022,5500,Diesel
480,BMW,1450000,2013,70000,Diesel
481,BMW,4900000,2017,65341,Diesel
482,Honda,1390000,2022,32000,Petrol
483,Ferrari,35000000,2018,9500,Petrol
484,Volkswagen,2990000,2020,17904,Diesel
485,Land Rover,2150000,2012,95000,Diesel
486,Maruti Suzuki,315000,2013,72000,CNG
487,Maruti Suzuki,71001,2004,65082,Petrol
488,Honda,295000,2012,66240,Petrol
489,Mercedes-Benz,8500000,2018,25275,Petrol
490,Maruti Suzuki,400000,2016,67850,CNG
491,Tata,49000,2010,60000,Petrol
492,Mahindra,379000,2012,88500,Diesel
493,Maruti Suzuki,610000,2017,105000,Diesel
494,Hyundai,1075000,2019,45000,Petrol
495,Mercedes-Benz,7500000,2021,8000,Diesel
496,Toyota,1321000,2018,38000,Petrol
497,Maruti Suzuki,950000,2020,55055,Diesel
498,Maruti Suzuki,825000,2021,22000,Petrol
499,Mitsubishi,1300000,2013,95000,Diesel
500,Maruti Suzuki,465000,2014,25704,Petrol
501,Maruti Suzuki,475000,2016,55353,Diesel
502,Audi,1775000,2015,80000,Diesel
503,Volkswagen,825000,2018,62000,Petrol
504,Ford,3450000,2019,41526,Diesel
505,Tata,379000,2018,29434,Petrol
506,Datsun,240000,2017,42000,Petrol
507,Kia,1525000,2021,14000,Petrol
508,BMW,1400000,2014,35000,Diesel
509,Mercedes-Benz,1044999,2012,75000,Diesel
510,Lamborghini,24000000,2016,6000,Petrol
511,Mercedes-Benz,2450000,2018,61000,Diesel
512,Mercedes-Benz,1789999,2015,45000,Diesel
513,Mercedes-Benz,4275000,2019,31000,Diesel
514,Hyundai,775000,2020,39000,Petrol
515,Maruti Suzuki,229999,2012,52000,Petrol
516,Maruti Suzuki,280000,2011,54000,CNG
517,Hyundai,300000,2018,51000,Petrol
518,Maruti Suzuki,160000,2011,72000,Petrol
519,Maruti Suzuki,150000,2011,65000,Petrol
520,Mercedes-Benz,8300000,2020,50000,Diesel
521,Audi,1685000,2016,80251,Diesel
522,Hyundai,270000,2010,86000,Petrol
523,Maruti Suzuki,210000,2014,42505,Petrol
524,Hyundai,625000,2017,42000,Petrol
525,BMW,6900000,2017,42200,Diesel
526,Kia,1490000,2019,57600,Petrol
527,Mahindra,1095000,2018,57000,Diesel
528,Ford,850000,2014,85000,Diesel
529,Hyundai,1600000,2016,128000,Diesel
530,Toyota,265000,2011,66000,Petrol
531,Volkswagen,360000,2013,58000,Petrol
532,Maruti Suzuki,350000,2012,89445,Diesel
533,Toyota,1485000,2015,64120,Diesel
534,Maruti Suzuki,800000,2017,82300,Petrol
535,Maruti Suzuki,710000,2017,73000,Diesel
536,Maruti Suzuki,710000,2018,72000,Diesel
537,Volkswagen,720000,2018,50197,Petrol
538,Honda,395000,2014,44527,Petrol
539,Audi,2799000,2017,72400,Diesel
540,Ford,455000,2014,50000,Petrol
541,Honda,690000,2014,37000,Petrol
542,Mercedes-Benz,13000000,2021,20000,Diesel
543,Tata,1995000,2020,8000,Diesel
544,BMW,1750000,2014,69000,Diesel
545,BMW,2900000,2019,25000,Diesel
546,BMW,4500000,2022,17000,Diesel
547,Honda,450000,2013,61000,Petrol
548,BMW,2149000,2015,69000,Diesel
549,Mercedes-Benz,4200000,2015,77000,Diesel
550,Tata,860000,2018,82200,Diesel
551,Honda,875000,2018,28000,Petrol
552,Mahindra,580000,2011,117000,Diesel
553,MG,3500000,2021,7900,Diesel
554,Maruti Suzuki,229999,2010,72000,Petrol
555,Audi,1513000,2015,79000,Diesel
556,Maruti Suzuki,234000,2013,72600,Petrol
557,Datsun,320000,2018,42313,Petrol
558,BMW,5975000,2021,18000,Diesel
559,Maruti Suzuki,1025000,2019,90000,Diesel
560,Maruti Suzuki,169000,2010,18500,Petrol
561,Maruti Suzuki,630000,2017,36000,Diesel
562,Hyundai,1090000,2020,26200,Petrol
563,Maruti Suzuki,700000,2019,11000,Petrol
564,Maruti Suzuki,661000,2021,14366,Petrol
565,Tata,250999,2011,98000,Diesel
566,Mahindra,565000,2017,65000,Diesel
567,Toyota,750000,2014,126000,Diesel
568,Audi,1850000,2015,71700,Diesel
569,Mahindra,850000,2016,114000,Diesel
570,Hyundai,535000,2016,58339,Diesel
571,Volkswagen,345000,2011,50667,Petrol
572,Maruti Suzuki,770000,2019,72040,Diesel
573,BMW,3650000,2019,6000,Petrol
574,Kia,1195000,2022,6200,Petrol
575,Mercedes-Benz,1650000,2012,44000,Petrol
576,Skoda,3199000,2021,6900,Petrol
577,Mercedes-Benz,7100000,2022,2500,Petrol
578,Volkswagen,625000,2016,68000,Petrol
579,Maruti Suzuki,745000,2018,36000,Diesel
580,Hyundai,551000,2021,19000,Petrol
581,Mercedes-Benz,5950000,2019,10000,Diesel
582,Land Rover,22000000,2019,35000,Diesel
583,MINI,3300000,2019,6400,Diesel
584,Ford,3250000,2019,34000,Diesel
585,Renault,690000,2016,35000,Diesel
586,Maruti Suzuki,894999,2019,46000,Diesel
587,Skoda,550000,2016,83000,Diesel
588,Ford,399000,2013,54000,Diesel
589,Kia,1275000,2020,42000,Petrol
590,Maruti Suzuki,535000,2020,41441,Petrol
591,Maruti Suzuki,825000,2018,48174,Diesel
592,Ford,585000,2016,62591,Diesel
593,Honda,675000,2017,48650,Petrol
594,Maruti Suzuki,795000,2017,52245,Diesel
595,Mercedes-Benz,6500000,2021,7500,Petrol
596,Hyundai,611000,2017,65000,Diesel
597,Maruti Suzuki,390000,2015,43297,Petrol
598,Maruti Suzuki,650000,2019,44710,Petrol
599,Renault,390000,2013,62000,Diesel
600,Audi,2400000,2017,59267,Diesel
601,Maruti Suzuki,385000,2011,69000,Petrol
602,Maruti Suzuki,450000,2017,75000,Petrol
603,Hyundai,649000,2020,52236,Petrol
604,Skoda,3499000,2020,47000,Diesel
605,Audi,2900000,2019,15530,Diesel
606,Maruti Suzuki,400000,2014,64000,Diesel
607,Hyundai,599000,2020,35000,Petrol
608,Toyota,2980000,2019,92000,Diesel
609,Audi,3500000,2018,18000,Petrol
610,Honda,400000,2016,50000,Petrol
611,Mercedes-Benz,6975000,2022,2000,Petrol
612,Audi,745000,2013,72000,Diesel
613,Mercedes-Benz,5400000,2016,16000,Diesel
614,Mercedes-Benz,3700000,2015,103890,Diesel
615,Maruti Suzuki,445000,2018,71000,Petrol
616,Mahindra,1475000,2021,12000,Diesel
617,Toyota,2800000,2016,93000,Diesel
618,Hyundai,190000,2013,63000,Petrol
619,Maruti Suzuki,600000,2020,10000,Petrol
620,Kia,1835000,2020,33828,Diesel
621,Maruti Suzuki,550000,2019,48000,CNG
622,Maruti Suzuki,715000,2017,71000,Diesel
623,Mahindra,2540000,2022,18000,Diesel
624,Maruti Suzuki,525000,2019,50000,CNG
625,Hyundai,425000,2015,48000,Petrol
626,Hyundai,795000,2022,4000,Petrol
627,Honda,269000,2010,73000,Petrol
628,Toyota,1450000,2013,170669,Diesel
629,Hyundai,565000,2014,68000,Diesel
630,BMW,2550000,2015,70000,Diesel
631,Hyundai,529000,2015,57654,Petrol
632,Maruti Suzuki,400000,2019,22000,Petrol
633,Volkswagen,360000,2012,80000,Diesel
634,Maruti Suzuki,975000,2019,41792,Petrol
635,BMW,2600000,2017,41000,Diesel
636,Mercedes-Benz,2390000,2013,107021,Diesel
637,Kia,1550000,2019,17000,Petrol
638,Maruti Suzuki,430000,2019,57993,Petrol
639,Tata,1275000,2021,18000,Electric
640,Maruti Suzuki,600000,2018,32000,Petrol
641,Toyota,1650000,2018,25914,Petrol
642,Jaguar,3350000,2014,49235,Diesel
643,Audi,9400000,2022,4500,Petrol
644,Maruti Suzuki,250000,2014,114000,Petrol
645,Mahindra,994999,2016,105000,Diesel
646,Maruti Suzuki,675000,2016,45000,Diesel
647,Maruti Suzuki,455000,2014,30183,Petrol
648,Volkswagen,375000,2012,78000,Diesel
649,Maruti Suzuki,345000,2016,73190,Petrol
650,BMW,4700000,2022,13120,Petrol
651,Hyundai,700000,2014,64000,Petrol
652,Honda,499000,2014,140000,Diesel
653,Maruti Suzuki,590000,2015,39000,Petrol
654,Nissan,490000,2014,56918,Petrol
655,Maruti Suzuki,695000,2018,55000,Diesel
656,Hyundai,1025000,2019,42000,Diesel
657,Volkswagen,3375000,2021,25000,Petrol
658,Toyota,2250000,2019,28000,Diesel
659,Mercedes-Benz,2650000,2018,43000,Diesel
660,Maruti Suzuki,715000,2021,16000,Petrol
661,Hyundai,1200000,2019,27657,Diesel
662,Hyundai,275000,2012,30000,Petrol
663,Honda,445000,2012,111000,Petrol
664,Mercedes-Benz,1850000,2016,37600,Diesel
665,Maruti Suzuki,665000,2017,48000,Diesel
666,Hyundai,1090000,2019,37000,Diesel
667,Mercedes-Benz,5500000,2015,54000,Diesel
668,Audi,2400000,2017,81802,Diesel
669,Hyundai,1085000,2018,45915,Diesel
670,Hyundai,2140000,2021,24000,Petrol
671,Honda,795000,2019,22224,Petrol
672,Maruti Suzuki,1080000,2021,38000,CNG
673,Honda,628000,2018,53848,Petrol
674,BMW,1550000,2013,104264,Diesel
675,Mercedes-Benz,2400000,2016,61159,Petrol
676,Honda,595000,2015,72000,Petrol
677,Land Rover,3450000,2016,29000,Diesel
678,Honda,819999,2018,42000,Petrol
679,Audi,1490000,2012,40000,Diesel
680,Mahindra,950000,2020,57400,Diesel
681,Jaguar,3750000,2019,13500,Diesel
682,Mercedes-Benz,4950000,2021,12400,Petrol
683,Jeep,2950000,2021,38000,Diesel
684,MG,1625000,2019,7000,Petrol
685,Toyota,1290000,2012,121000,Diesel
686,Toyota,625000,2015,76000,Diesel
687,Mahindra,1490000,2018,50000,Diesel
688,Hyundai,325000,2013,46721,Petrol
689,Mahindra,1190000,2017,41470,Diesel
690,Mahindra,625000,2013,170000,Diesel
691,Land Rover,5375000,2014,80000,Diesel
692,Honda,1138000,2018,6000,Petrol
693,Audi,4250000,2021,17000,Petrol
694,Honda,365000,2014,31000,Petrol
695,Chevrolet,475000,2014,73265,Diesel
696,Hyundai,1225000,2019,47000,Diesel
697,Maruti Suzuki,725000,2017,42000,Diesel
698,Mercedes-Benz,2450000,2017,25000,Diesel
699,Hyundai,225000,2009,140000,Diesel
700,Maruti Suzuki,695000,2018,68818,Petrol
701,Toyota,2200000,2018,57000,Diesel
702,Honda,950000,2020,39000,Diesel
703,Toyota,2598000,2022,12050,Petrol
704,Honda,585000,2017,24100,Petrol
705,Ford,434999,2017,23000,Petrol
706,Maruti Suzuki,295000,2009,185000,Diesel
707,Maruti Suzuki,910000,2019,76000,Diesel
708,Maruti Suzuki,565000,2020,47000,Petrol
709,Toyota,1050000,2021,1910,Petrol
710,Hyundai,990000,2019,23000,Diesel
711,Audi,2590000,2020,36978,Diesel
712,Mahindra,1000000,2016,33000,Diesel
713,Hyundai,254999,2012,18954,Petrol
714,Hyundai,598000,2015,58200,Petrol
715,Mahindra,850000,2018,83000,Diesel
716,Hyundai,560000,2016,80000,Diesel
717,Audi,975000,2011,75000,Diesel
718,Audi,2600000,2017,64000,Diesel
719,Skoda,745000,2016,117048,Diesel
720,Hyundai,495000,2017,47000,Petrol
721,Audi,2450000,2018,43290,Petrol
722,Honda,250000,2013,70000,Petrol
723,Mercedes-Benz,2850000,2016,7000,Diesel
724,Mahindra,925000,2016,150000,Diesel
725,Toyota,1075000,2013,125000,Diesel
726,Mercedes-Benz,6225000,2019,42079,Diesel
727,Jaguar,2650000,2015,62645,Diesel
728,Audi,1500000,2014,69000,Diesel
729,Jaguar,2800000,2011,70662,Petrol
730,Mitsubishi,625000,2011,40000,Diesel
731,Toyota,325000,2011,101347,Petrol
732,Mahindra,1485000,2021,36700,Diesel
733,Audi,1650000,2012,240000,Diesel
734,Audi,1800000,2014,76529,Diesel
735,Toyota,1290000,2014,85000,Diesel
736,Nissan,600000,2016,99000,Diesel
737,Hyundai,436000,2014,37959,Petrol
738,Toyota,4300000,2021,60000,Diesel
739,Datsun,270000,2017,27000,Petrol
740,Chevrolet,320000,2011,75000,Diesel
741,Hyundai,1911000,2022,1300,Petrol
742,BMW,8600000,2020,21696,Diesel
743,Mercedes-Benz,3900000,2019,33000,Diesel
744,Volvo,2000000,2016,6000,Diesel
745,Hyundai,465000,2019,19000,Petrol
746,Honda,875000,2019,58618,Petrol
747,MINI,3200000,2017,10500,Petrol
748,Mahindra,850000,2019,85641,Diesel
749,Renault,426999,2020,41669,Petrol
750,Mercedes-Benz,9200000,2022,10000,Diesel
751,Hyundai,1035000,2018,36000,Diesel
752,Maruti Suzuki,695000,2018,31000,Petrol
753,BMW,3675000,2020,37180,Diesel
754,Mahindra,1700000,2021,14000,Diesel
755,Tata,449000,2018,53512,Petrol
756,Mercedes-Benz,5400000,2022,4600,Diesel
757,MG,3950000,2021,40000,Diesel
758,Hyundai,565000,2015,65000,Diesel
759,BMW,3775000,2019,32963,Diesel
760,Mercedes-Benz,1275000,2012,101000,Diesel
761,Renault,375000,2018,14000,Petrol
762,Maruti Suzuki,949000,2018,50500,Diesel
763,Maruti Suzuki,775000,2019,80849,Diesel
764,Audi,1800000,2014,19868,Diesel
765,Honda,825000,2016,45000,Petrol
766,Hyundai,509999,2019,30858,Petrol
767,Mahindra,1350000,2018,56500,Diesel
768,Hyundai,650000,2020,37003,Petrol
769,Honda,1490000,2021,11000,Diesel
770,Maruti Suzuki,545000,2016,53000,Petrol
771,BMW,2950000,2018,75000,Diesel
772,Mercedes-Benz,1150000,2010,120000,Diesel
773,Audi,1850000,2013,44087,Diesel
774,BMW,3995000,2016,39000,Diesel
775,Mercedes-Benz,1750000,2014,59000,Diesel
776,Audi,5500000,2017,45000,Diesel
777,Nissan,360000,2013,92000,Diesel
778,Ford,625000,2019,48422,Petrol
779,BMW,4150000,2019,29000,Diesel
780,Mahindra,1698999,2021,37500,Diesel
781,Maruti Suzuki,484999,2018,62000,Petrol
782,Audi,4250000,2020,17000,Petrol
783,Maruti Suzuki,800000,2017,76642,CNG
784,Hyundai,1275000,2019,44000,Petrol
785,Porsche,9500000,2018,20000,Petrol
786,BMW,1375000,2013,102000,Diesel
787,Hyundai,1700000,2022,9000,Diesel
788,Mahindra,500000,2013,135000,Diesel
789,Mercedes-Benz,6800000,2020,14500,Diesel
790,Maruti Suzuki,715000,2019,31552,Petrol
791,Maruti Suzuki,380000,2016,70000,Petrol
792,Honda,375000,2016,35134,Petrol
793,Land Rover,7200000,2016,45000,Diesel
794,Mercedes-Benz,8190000,2020,18000,Diesel
795,Maruti Suzuki,695000,2018,8000,Petrol
796,Hyundai,875000,2016,62125,Diesel
797,Land Rover,3500000,2016,78000,Diesel
798,Hyundai,685000,2018,64300,Petrol
799,Tata,1875000,2021,28000,Diesel
800,Skoda,1685000,2017,28600,Petrol
801,Audi,2550000,2015,69500,Diesel
802,Hyundai,869999,2017,70000,Diesel
803,Mahindra,875000,2018,24000,Diesel
804,Audi,1390000,2012,69500,Diesel
805,Maruti Suzuki,825000,2019,25500,Diesel
806,Maruti Suzuki,785000,2017,20000,Petrol
807,Mercedes-Benz,2145000,2016,55000,Diesel
808,Maruti Suzuki,590000,2021,8640,CNG
809,Hyundai,335000,2013,80500,Petrol
810,Jaguar,2550000,2013,65000,Petrol
811,Mercedes-Benz,6500000,2019,5750,Diesel
812,Volkswagen,490000,2015,50000,Petrol
813,BMW,5950000,2017,28000,Diesel
814,Hyundai,250000,2011,75431,Petrol
815,Renault,420000,2017,43000,Petrol
816,Hyundai,2395000,2019,44876,Diesel
817,Hyundai,360000,2013,95610,Diesel
818,Nissan,325000,2013,51000,Diesel
819,Land Rover,2300000,2013,110000,Diesel
820,Maruti Suzuki,642000,2014,53693,CNG
821,Hyundai,290000,2018,70000,Petrol
822,Hyundai,390000,2014,57000,Petrol
823,Toyota,890000,2014,63000,Petrol
824,Honda,100000,2002,65494,Petrol
825,Maruti Suzuki,440000,2016,53807,Petrol
826,Maruti Suzuki,721000,2018,46000,Petrol
827,Skoda,1515000,2018,67546,Petrol
828,Land Rover,7000000,2021,14500,Petrol
829,Honda,949000,2018,37100,Petrol
830,Mercedes-Benz,5500000,2019,30000,Diesel
831,Renault,319000,2018,89059,Petrol
832,Maruti Suzuki,459999,2013,77000,Diesel
833,Volvo,2100000,2018,42000,Diesel
834,Maruti Suzuki,685000,2017,58146,Petrol
835,MINI,3900000,2020,13000,Petrol
836,Toyota,300000,2013,75000,Diesel
837,Porsche,6350000,2016,20500,Diesel
838,Mercedes-Benz,5400000,2018,50500,Diesel
839,Mercedes-Benz,4100000,2022,3826,Diesel
840,Mercedes-Benz,6875000,2019,53000,Diesel
841,Hyundai,1115000,2018,37000,Petrol
842,Honda,761000,2017,38000,Petrol
843,Maruti Suzuki,825000,2021,8499,Petrol
844,Hyundai,650000,2016,61181,Diesel
845,Honda,565000,2017,45000,Petrol
846,Mercedes-Benz,750000,2007,102000,Petrol
847,Hyundai,685000,2021,9232,Petrol
848,Maruti Suzuki,135000,2008,72542,Petrol
849,Hyundai,609000,2018,42601,Petrol
850,Mahindra,365000,2009,90000,Diesel
851,Audi,5175000,2016,65000,Diesel
852,Toyota,2175000,2018,40000,Diesel
853,Ssangyong,675000,2013,106223,Diesel
854,BMW,1400000,2009,115000,Diesel
855,Honda,480000,2016,50000,Petrol
856,BMW,5800000,2020,30000,Diesel
857,Audi,6700000,2018,39850,Diesel
858,Hyundai,625000,2014,80000,Diesel
859,Isuzu,1791000,2017,96095,Diesel
860,Maruti Suzuki,422000,2018,12768,Petrol
861,Audi,4200000,2021,12321,Petrol
862,Toyota,1295000,2018,65100,Petrol
863,Hyundai,495000,2017,30000,Petrol
864,Tata,585000,2019,12000,Petrol
865,Mercedes-Benz,3950000,2019,33000,Diesel
866,Mercedes-Benz,7475000,2021,13000,Diesel
867,Skoda,425000,2013,57000,Petrol
868,BMW,975000,2011,61000,Diesel
869,Mercedes-Benz,4150000,2017,48000,Diesel
870,Audi,2475000,2012,118000,Diesel
871,BMW,2990000,2017,44000,Diesel
872,BMW,3550000,2015,59000,Diesel
873,Renault,280000,2013,99000,Diesel
874,Mercedes-Benz,1500000,2009,75000,Petrol
875,BMW,5100000,2019,79000,Diesel
876,Toyota,825000,2010,114000,Diesel
877,Maruti Suzuki,310000,2014,82000,CNG
878,Honda,595000,2016,80000,Petrol
879,Toyota,3100000,2014,65000,Diesel
880,Jeep,1240000,2017,57000,Diesel
881,Maruti Suzuki,328000,2018,26807,Petrol
882,Hyundai,625000,2018,23000,Petrol
883,Maruti Suzuki,409999,2015,112000,Diesel
884,Maruti Suzuki,975000,2022,5000,Petrol
885,Maruti Suzuki,545000,2015,70000,Petrol
886,Volkswagen,699000,2019,53929,Petrol
887,Maruti Suzuki,390000,2014,49580,Petrol
888,Toyota,680000,2014,85000,Diesel
889,Maruti Suzuki,625000,2015,61000,Diesel
890,Maruti Suzuki,235000,2012,35000,LPG
891,Mahindra,951000,2016,42000,Diesel
892,Honda,550000,2011,69000,Petrol
893,Jeep,1350000,2017,70000,Petrol
894,Hyundai,325000,2013,15780,Petrol
895,Audi,1150000,2012,40031,Diesel
896,Audi,2600000,2015,46000,Diesel
897,Maruti Suzuki,640000,2016,50800,Petrol
898,Tata,1250000,2021,3000,Electric
899,Toyota,450000,2011,95000,Petrol
900,BMW,750000,2010,112000,Diesel
901,Audi,5300000,2020,36000,Petrol
902,Volvo,5800000,2019,3500,Diesel
903,Maruti Suzuki,801000,2018,30000,Diesel
904,Volkswagen,310000,2009,107879,Diesel
905,Mahindra,1090000,2017,19000,Diesel
906,Maruti Suzuki,245000,2014,31100,Petrol
907,Honda,475000,2014,65000,Petrol
908,Toyota,2800000,2017,49000,Diesel
909,Tata,1450000,2022,5000,Electric
910,Audi,2950000,2020,11000,Diesel
911,Hyundai,545000,2019,28000,Petrol
912,Ford,3975000,2021,9400,Diesel
913,Mercedes-Benz,4200000,2017,77000,Diesel
914,Hyundai,434999,2017,27000,Diesel
915,Renault,315000,2017,15507,Petrol
916,Ssangyong,900000,2016,70000,Diesel
917,Honda,550000,2015,44000,Petrol
918,BMW,4400000,2018,70000,Diesel
919,Toyota,1600000,2015,145000,Diesel
920,Datsun,198000,2017,24000,Petrol
921,Hyundai,225000,2014,47721,LPG
922,Hyundai,310000,2011,26000,Petrol
923,Renault,315000,2017,15507,Petrol
924,Honda,775000,2018,39000,Petrol
925,Maruti Suzuki,625000,2017,58000,Petrol
926,Hyundai,775000,2015,82000,Diesel
927,Toyota,1549000,2018,95315,Diesel
928,BMW,1679000,2016,46000,Diesel
929,Maruti Suzuki,725000,2019,11874,Petrol
930,Hyundai,540000,2014,86000,Diesel
931,Volkswagen,350000,2014,111000,Diesel
932,Volvo,1689999,2015,50000,Diesel
933,Nissan,625000,2021,28000,Petrol
934,Maruti Suzuki,475000,2019,25000,Petrol
935,Kia,1650000,2021,12000,Diesel
936,Hyundai,409999,2019,32000,Petrol
937,Hyundai,275000,2011,45000,Petrol
938,Land Rover,5900000,2014,70000,Diesel
939,Toyota,2100000,2017,112000,Diesel
940,BMW,2750000,2017,51800,Diesel
941,Maruti Suzuki,545000,2017,22000,Petrol
942,Tata,740000,2015,155000,Diesel
943,Mercedes-Benz,2400000,2016,60000,Petrol
944,BMW,4500000,2018,23000,Diesel
945,Maruti Suzuki,465000,2014,75000,Petrol
946,Fiat,375000,2014,71000,Diesel
947,Audi,2900000,2017,64000,Diesel
948,Honda,795000,2018,45326,Petrol
949,Mercedes-Benz,5250000,2020,28079,Diesel
950,Audi,2900000,2019,15529,Diesel
951,Mercedes-Benz,2250000,2015,43200,Petrol
952,Honda,1050000,2017,29386,Petrol
953,Hyundai,765000,2021,18105,Petrol
954,Maruti Suzuki,675000,2017,125372,Diesel
955,Audi,2400000,2015,100000,Diesel
956,Maruti Suzuki,509999,2019,40000,Petrol
957,Mahindra,2750000,2022,31000,Diesel
958,Audi,2600000,2012,42000,Diesel
959,Honda,495000,2012,65001,Petrol
960,Audi,2400000,2014,42533,Diesel
961,Hyundai,495000,2018,45000,Petrol
962,Land Rover,4200000,2018,36000,Diesel
963,Toyota,2550000,2017,44000,Diesel
964,Maruti Suzuki,480000,2016,85000,Diesel
965,Hyundai,1750000,2021,17000,Diesel
966,Maruti Suzuki,850000,2019,72000,Diesel
967,Hyundai,434999,2019,34400,Petrol
968,Hyundai,1070000,2021,8800,Petrol
969,Honda,1530000,2022,2000,Petrol
970,Hyundai,1598000,2020,19700,Diesel
971,Hyundai,645000,2016,45000,Petrol
972,Mercedes-Benz,1100000,2012,73000,Diesel
973,Maruti Suzuki,650000,2017,76000,Diesel
974,Volkswagen,545000,2013,110000,Diesel
975,Honda,1095000,2022,2700,Petrol
976,Toyota,1975000,2018,75000,Diesel
977,Rolls-Royce,18000000,2011,60000,Petrol
978,Audi,1839000,2017,110000,Diesel
979,Skoda,1500000,2016,70000,Petrol
980,Audi,2100000,2017,42000,Diesel
981,Volkswagen,345000,2015,70000,Diesel
982,Honda,850000,2018,52890,Petrol
983,Hyundai,1425000,2018,72870,Diesel
984,Hyundai,675000,2017,48591,Petrol
985,Mahindra,925000,2019,60888,Diesel
986,Hyundai,210000,2014,48000,Petrol
987,Tata,760000,2018,20251,Petrol
988,Hyundai,640000,2015,49000,Diesel
989,Maruti Suzuki,340000,2013,66000,Petrol
990,Land Rover,5995000,2020,54200,Diesel
991,Nissan,550000,2013,33000,Petrol
992,Honda,695000,2017,51292,Petrol
993,Ford,465000,2015,89000,Diesel
994,Toyota,735000,2019,55000,Petrol
995,Mercedes-Benz,1300000,1988,71000,Petrol
996,Hyundai,1848999,2021,20000,Diesel
997,Honda,685000,2016,68500,Petrol
998,Hyundai,875000,2014,99000,Diesel
999,Toyota,2039999,2018,110000,Diesel
1000,Toyota,700000,2019,19244,Petrol
1001,Maruti Suzuki,550000,2020,19000,Petrol
1002,Hyundai,825000,2015,75000,Diesel
1003,Toyota,3100000,2021,29000,Diesel
1004,Audi,1400000,2013,60000,Diesel
1005,Maruti Suzuki,425000,2015,80000,Petrol
1006,Lexus,4375000,2018,54500,Petrol
1007,Toyota,3000000,2021,38000,Diesel
1008,Mercedes-Benz,6600000,2021,16785,Petrol
1009,Maruti Suzuki,640000,2016,52000,Diesel
1010,Hyundai,275000,2013,76000,CNG
1011,Hyundai,695000,2019,42678,Petrol
1012,Honda,245000,2010,95000,Petrol
1013,Renault,690000,2016,65000,Diesel
1014,Volkswagen,1500000,2021,31000,Petrol
1015,Maruti Suzuki,270000,2014,82682,Petrol
1016,Hyundai,545000,2016,70500,Diesel
1017,MG,1875000,2021,10000,Petrol
1018,Renault,254999,2016,57159,Petrol
1019,BMW,2000000,2014,82000,Diesel
1020,Land Rover,2785000,2016,120000,Diesel
1021,Mahindra,1800000,2021,17000,Diesel
1022,Honda,475000,2012,40000,Petrol
1023,Hyundai,650000,2020,58100,Petrol
1024,Toyota,1199000,2012,12749,Diesel
1025,Hyundai,650000,2013,83466,Diesel
1026,Mahindra,795000,2015,86000,Diesel
1027,Mercedes-Benz,2385000,2015,60921,Petrol
1028,Audi,1700000,2014,78000,Diesel
1029,Hyundai,380000,2012,53000,Petrol
1030,Renault,295000,2016,34736,Petrol
1031,Tata,1750000,2020,14400,Diesel
1032,Mahindra,525000,2015,85000,Diesel
1033,Volkswagen,275000,2011,80000,Petrol
1034,Audi,2180000,2018,77590,Petrol
1035,Ford,8000000,2017,25000,Petrol
1036,Jaguar,4325000,2018,40545,Diesel
1037,Maruti Suzuki,120000,2009,80000,Diesel
1038,Maruti Suzuki,155000,2009,56852,CNG
1039,Maruti Suzuki,735000,2018,42000,Petrol
1040,Skoda,900000,2018,55000,Petrol
1041,Skoda,795000,2014,53000,Petrol
1042,MINI,3300000,2018,17000,Diesel
1043,Toyota,3775000,2020,50000,Diesel
1044,Mahindra,325000,2012,70000,Diesel
1045,Maruti Suzuki,725000,2017,75793,Diesel
1046,Lexus,2100000,2007,34000,Petrol
1047,Volvo,994999,2012,89311,Diesel
1048,Maruti Suzuki,785000,2018,80000,Diesel
1049,Porsche,7500000,2020,38000,Petrol
1050,Toyota,2799000,2019,69500,Diesel
1051,Maruti Suzuki,390000,2018,66794,Petrol
1052,Porsche,9000000,2019,27000,Petrol
1053,Maruti Suzuki,675000,2017,35616,Petrol
1054,Maruti Suzuki,320000,2015,64000,Petrol
1055,Maruti Suzuki,840000,2020,7000,Petrol
1056,Maruti Suzuki,310000,2015,45000,Petrol
1057,Maruti Suzuki,795000,2017,9000,Petrol
1058,Maruti Suzuki,310000,2015,67738,CNG
1059,Toyota,860000,2021,11030,Petrol
1060,Hyundai,390000,2015,49123,Petrol
1061,BMW,1200000,2012,125000,Diesel
1062,Maruti Suzuki,520000,2018,46000,Diesel
1063,Mercedes-Benz,1200000,2000,65000,Petrol
1064,Maruti Suzuki,675000,2018,64000,Diesel
1065,Maruti Suzuki,475000,2021,7942,Petrol
1066,Maruti Suzuki,265000,2017,52100,Petrol
1067,Skoda,950000,2019,32809,Diesel
1068,Toyota,1750000,2014,101000,Diesel
1069,Audi,2225000,2016,40500,Diesel
1070,Jeep,1748999,2021,25700,Petrol
1071,Mercedes-Benz,2250000,2014,85000,Diesel
1072,Hyundai,690000,2017,17268,Petrol
1073,Maruti Suzuki,561000,2017,68000,Petrol
1074,Hyundai,299000,2011,30000,Petrol
1075,Jeep,1580000,2020,57000,Diesel
1076,Maruti Suzuki,595000,2017,44100,Petrol
1077,Land Rover,4390000,2013,91840,Diesel
1078,Hyundai,235000,2009,115000,Petrol
1079,Hyundai,450000,2014,23000,Petrol
1080,BMW,2299000,2014,58000,Diesel
1081,Mercedes-Benz,4590000,2018,95786,Diesel
1082,Audi,2150000,2016,95401,Diesel
1083,Kia,1850000,2020,7000,Petrol
1084,Hyundai,1175000,2017,24000,Petrol
1085,Maruti Suzuki,250000,2012,68000,Petrol
1086,Hyundai,400000,2015,41273,Petrol
1087,Audi,4000000,2018,66000,Diesel
1088,Hyundai,1100000,2018,65954,Diesel
1089,Hyundai,395000,2016,28000,Petrol
1090,Maruti Suzuki,425000,2021,38848,Petrol
1091,Toyota,2190000,2017,30000,Diesel
1092,Lexus,4800000,2020,27000,Hybrid
1093,Maruti Suzuki,421000,2017,69000,Petrol
1094,Hyundai,560000,2016,22700,Petrol
1095,Honda,777000,2014,9212,Petrol
1096,Audi,3250000,2019,41000,Diesel
1097,Mahindra,875000,2014,100000,Diesel
1098,Maruti Suzuki,899000,2018,13066,Petrol
1099,Renault,425000,2015,75000,Diesel
1100,Maruti Suzuki,425000,2019,53241,Petrol
1101,MINI,3875000,2021,12000,Petrol
1102,Honda,500000,2013,65000,Petrol
1103,Toyota,1225000,2012,97000,Diesel
1104,Toyota,1789999,2017,49000,Petrol
1105,Hyundai,240000,2013,64000,Petrol
1106,Volkswagen,240000,2010,78000,Petrol
1107,Honda,935000,2019,56000,Diesel
1108,Maruti Suzuki,775000,2018,39000,Petrol
1109,Mahindra,950000,2017,55000,Diesel
1110,Hyundai,549000,2018,53000,Petrol
1111,Maruti Suzuki,645000,2021,1374,CNG
1112,Mercedes-Benz,3400000,2018,68000,Diesel
1113,Hyundai,645000,2019,35000,Petrol
1114,BMW,2600000,2016,39000,Diesel
1115,Audi,1375000,2011,62000,Diesel
1116,Honda,1340000,2021,11000,Petrol
1117,Maruti Suzuki,840000,2020,11000,Petrol
1118,Maruti Suzuki,525000,2014,102000,Petrol
1119,Maruti Suzuki,625000,2022,7000,Petrol
1120,Hyundai,215000,2012,20000,Petrol
1121,Hyundai,595000,2019,25000,Petrol
1122,Audi,4150000,2022,22000,Petrol
1123,Maruti Suzuki,750000,2018,65000,Diesel
1124,Ford,550000,2013,47000,Petrol
1125,Renault,450000,2016,2000000,Diesel
1126,BMW,4175000,2016,27011,Diesel
1127,Jaguar,2700000,2018,45545,Diesel
1128,Mercedes-Benz,6150000,2018,18000,Diesel
1129,Volkswagen,565000,2014,72782,Petrol
1130,Maruti Suzuki,369000,2017,16800,Petrol
1131,Toyota,1090000,2019,40900,Petrol
1132,Honda,580000,2017,39000,Petrol
1133,BMW,2199000,2016,77000,Diesel
1134,Mahindra,1251000,2018,120000,Diesel
1135,Honda,540000,2017,38700,Petrol
1136,Maruti Suzuki,1245000,2021,7239,Petrol
1137,BMW,4749000,2020,14000,Petrol
1138,Hyundai,365000,2014,76000,Petrol
1139,BMW,4300000,2020,11000,Diesel
1140,Maruti Suzuki,825000,2019,81300,Diesel
1141,Volkswagen,325000,2013,76000,Diesel
1142,Tata,400000,2018,91460,Petrol
1143,Land Rover,3600000,2018,45000,Diesel
1144,Mahindra,671000,2013,47000,Diesel
1145,Mercedes-Benz,3400000,2018,50000,Diesel
1146,BMW,3200000,2014,133273,Diesel
1147,Volkswagen,775000,2017,60500,Petrol
1148,Mercedes-Benz,2150000,2014,81000,Diesel
1149,Land Rover,4700000,2020,22000,Diesel
1150,Ford,145000,2009,88000,Diesel
1151,MINI,3590000,2020,19759,Diesel
1152,Toyota,375000,2011,77000,Petrol
1153,Hyundai,645000,2015,58200,Petrol
1154,Toyota,11500000,2022,4000,Hybrid
1155,Maruti Suzuki,509999,2015,42000,Petrol
1156,Hyundai,545000,2013,63000,Petrol
1157,Honda,835000,2018,42855,Petrol
1158,Renault,960000,2018,24000,Diesel
1159,Maruti Suzuki,540000,2019,34000,Petrol
1160,Kia,1475000,2022,9500,Petrol
1161,Jaguar,3600000,2014,32000,Diesel
1162,Hyundai,1175000,2018,97000,Diesel
1163,Hyundai,475000,2014,72900,Petrol
1164,Audi,9900000,2021,28000,Petrol
1165,Maruti Suzuki,650000,2022,6000,Petrol
1166,BMW,6100000,2021,24500,Diesel
1167,Hyundai,370000,2013,41000,Petrol
1168,Honda,875000,2018,50000,Petrol
1169,Maruti Suzuki,695000,2018,66000,Diesel
1170,Tata,2275000,2022,38000,Diesel
1171,Jeep,2700000,2021,17000,Petrol
1172,Hyundai,545000,2014,74000,Diesel
1173,Maruti Suzuki,540000,2021,22000,Petrol
1174,Skoda,1099000,2018,20690,Petrol
1175,Hyundai,1125000,2019,40000,Diesel
1176,Hyundai,1299000,2018,50000,Petrol
1177,BMW,1600000,2013,70000,Diesel
1178,BMW,10800000,2021,20000,Petrol
1179,Maruti Suzuki,1190000,2020,47248,Petrol
1180,Tata,795000,2021,9000,Petrol
1181,Hyundai,459999,2013,78000,Diesel
1182,Audi,3400000,2018,51000,Diesel
1183,Hyundai,1050000,2018,34841,Petrol
1184,Hyundai,385000,2014,46000,Petrol
1185,Honda,585000,2015,61000,Diesel
1186,Audi,1650000,2014,55000,Diesel
1187,Maruti Suzuki,625000,2020,58736,Petrol
1188,Maruti Suzuki,910000,2019,34000,Petrol
1189,Mahindra,1275000,2018,47000,Diesel
1190,Hyundai,585000,2017,47000,Petrol
1191,Mahindra,1035000,2017,79000,Diesel
1192,Hyundai,1075000,2021,12020,Petrol
1193,Hyundai,1650000,2020,7000,Diesel
1194,Audi,1575000,2014,15000,Diesel
1195,BMW,1950000,2014,82000,Diesel
1196,BMW,6390000,2022,6000,Diesel
1197,Hyundai,1080000,2019,68000,Diesel
1198,Audi,5500000,2017,24000,Diesel
1199,Hyundai,1080000,2020,56000,Diesel
1200,Mahindra,800000,2015,25000,Diesel
1201,Datsun,335000,2017,34000,Petrol
1202,Hyundai,1185000,2021,10700,Petrol
1203,Hyundai,894999,2021,25000,Petrol
1204,Honda,650000,2019,54000,Petrol
1205,Hyundai,550000,2014,75000,Diesel
1206,Maruti Suzuki,550000,2016,88000,Diesel
1207,Audi,1650000,2016,139000,Diesel
1208,Skoda,1600000,2022,1300,Petrol
1209,Hyundai,1175000,2019,20000,Petrol
1210,Mitsubishi,1995000,2018,122000,Diesel
1211,Hyundai,575000,2016,38000,Diesel
1212,MG,1975000,2021,18500,Diesel
1213,Hyundai,1625000,2022,27800,Diesel
1214,Maruti Suzuki,695000,2019,46027,Petrol
1215,Toyota,875000,2018,23148,Petrol
1216,Skoda,1495000,2017,28000,Petrol
1217,Maruti Suzuki,725000,2019,11874,Petrol
1218,Hyundai,875000,2017,50000,Petrol
1219,BMW,2250000,2014,88000,Diesel
1220,Ford,2350000,2016,75000,Diesel
1221,BMW,2690000,2019,15500,Diesel
1222,Maruti Suzuki,695000,2016,82445,Diesel
1223,Honda,600000,2014,75574,Petrol
1224,Maruti Suzuki,375000,2015,64000,CNG
1225,Hyundai,315000,2012,75000,Petrol
1226,Ford,775000,2019,14095,Petrol
1227,Audi,3075000,2017,17000,Diesel
1228,Renault,415000,2014,70000,Diesel
1229,Maruti Suzuki,765000,2017,68000,Diesel
1230,Maruti Suzuki,520000,2018,40000,Petrol
1231,Jaguar,3900000,2015,39000,Diesel
1232,Hyundai,850000,2016,72000,Diesel
1233,Maruti Suzuki,969999,2016,39000,Diesel
1234,Maruti Suzuki,575000,2016,62000,Diesel
1235,Ford,3900000,2021,41086,Diesel
1236,BMW,1395000,2013,65000,Diesel
1237,Skoda,1625000,2021,7900,Petrol
1238,Kia,1499000,2021,22000,Diesel
1239,Volkswagen,2050000,2018,73000,Diesel
1240,Skoda,1300000,2016,55000,Petrol
1241,Skoda,3199000,2019,6900,Diesel
1242,Maruti Suzuki,450000,2017,65000,Petrol
1243,Honda,675000,2015,48000,Diesel
1244,Maruti Suzuki,280000,2018,48000,Petrol
1245,Maruti Suzuki,425000,2018,18000,Petrol
1246,Rolls-Royce,20000000,2011,27000,Petrol
1247,Mercedes-Benz,1250000,2012,78000,Diesel
1248,Hyundai,1175000,2014,87938,Diesel
1249,Hyundai,545000,2019,43000,CNG
1250,Mercedes-Benz,495000,2008,95200,Diesel
1251,Maruti Suzuki,500000,2016,26000,Petrol
1252,Maruti Suzuki,390000,2015,70000,Petrol
1253,Maruti Suzuki,575000,2019,31000,CNG
1254,BMW,2100000,2014,103000,Diesel
1255,Hyundai,250000,2012,54556,Petrol
1256,Maruti Suzuki,685000,2019,74000,Petrol
1257,Renault,320000,2016,64000,Petrol
1258,Maruti Suzuki,620000,2016,85000,Diesel
1259,Maruti Suzuki,600000,2018,54000,Petrol
1260,Jeep,1750000,2019,57000,Petrol
1261,Land Rover,4950000,2018,38000,Diesel
1262,Hyundai,1015000,2015,68566,Diesel
1263,Toyota,390000,2009,68195,Petrol
1264,Maruti Suzuki,755000,2017,57000,Petrol
1265,Hyundai,1825000,2021,45000,Petrol
1266,Maruti Suzuki,416000,2014,60116,Petrol
1267,Maruti Suzuki,325000,2010,82202,Diesel
1268,Maruti Suzuki,218000,2008,51000,Petrol
1269,Mercedes-Benz,2800000,2018,24000,Diesel
1270,Maruti Suzuki,650000,2017,86000,Diesel
1271,Honda,790000,2018,41000,Diesel
1272,Honda,540000,2015,76000,Diesel
1273,Maruti Suzuki,375000,2011,120000,Diesel
1274,BMW,3990000,2021,12500,Petrol
1275,Porsche,10900000,2018,6300,Petrol
1276,Maruti Suzuki,245000,2009,114000,Petrol
1277,Maruti Suzuki,260000,2015,25862,Petrol
1278,Skoda,3200000,2018,35000,Diesel
1279,Ford,240000,2010,72000,Diesel
1280,Hyundai,800000,2015,90000,Diesel
1281,Honda,745000,2016,38000,Petrol
1282,Mercedes-Benz,7390000,2021,7000,Diesel
1283,BMW,5900000,2017,83985,Diesel
1284,Honda,675000,2019,74237,Petrol
1285,BMW,2650000,2018,53000,Diesel
1286,Maruti Suzuki,340000,2016,52303,Petrol
1287,Maruti Suzuki,620000,2019,42356,Petrol
1288,Maruti Suzuki,297000,2013,84000,Diesel
1289,Toyota,500000,2016,114000,Diesel
1290,Hyundai,1149000,2019,26894,Petrol
1291,Mercedes-Benz,2650000,2017,70000,Diesel
1292,Toyota,1375000,2012,98352,Diesel
1293,Hyundai,235000,2009,107000,Petrol
1294,BMW,2280000,2014,68000,Diesel
1295,Toyota,3090000,2017,52000,Diesel
1296,Lexus,4375000,2017,31059,Petrol
1297,Maruti Suzuki,749000,2017,114000,Diesel
1298,BMW,4800000,2017,35000,Diesel
1299,Mahindra,785000,2017,44000,Diesel
1300,Hyundai,750000,2017,72000,Diesel
1301,Mercedes-Benz,4150000,2019,8000,Diesel
1302,Maruti Suzuki,320000,2014,54000,Petrol
1303,Mercedes-Benz,1750000,2015,99000,Diesel
1304,Mahindra,944999,2019,88000,Diesel
1305,Land Rover,27500000,2020,11000,Diesel
1306,Ford,4100000,2021,19000,Diesel
1307,MG,1750000,2021,33000,Petrol
1308,Maruti Suzuki,811000,2018,44153,Diesel
1309,Land Rover,6900000,2020,32368,Diesel
1310,Hyundai,725000,2016,42000,Diesel
1311,Jaguar,4600000,2020,56000,Diesel
1312,Tata,1485000,2020,10000,Electric
1313,Land Rover,19300000,2019,63000,Diesel
1314,Hyundai,650000,2017,49422,Petrol
1315,MG,1925000,2021,19000,Petrol
1316,Honda,590000,2015,75258,Petrol
1317,Hyundai,495000,2019,46000,CNG
1318,Maruti Suzuki,695000,2016,68921,Diesel
1319,Hyundai,799000,2018,79800,Diesel
1320,Volkswagen,325000,2013,53000,Petrol
1321,Mahindra,1190000,2018,59000,Diesel
1322,Jaguar,5800000,2017,30000,Diesel
1323,Maruti Suzuki,140000,2009,65000,Petrol
1324,Maruti Suzuki,750000,2021,58000,Petrol
1325,Mercedes-Benz,2600000,2014,94000,Diesel
1326,Maruti Suzuki,299000,2017,45000,CNG
1327,Toyota,3470000,2018,62152,Diesel
1328,Hyundai,1075000,2019,28000,Petrol
1329,Hyundai,650000,2019,15000,Petrol
1330,Honda,425000,2014,53610,Petrol
1331,Nissan,445000,2014,75000,Diesel
1332,Maruti Suzuki,1225000,2022,16000,Petrol
1333,Audi,1350000,2015,60000,Diesel
1334,Volkswagen,345000,2011,101923,Petrol
1335,Mercedes-Benz,1450000,2014,45000,Diesel
1336,Toyota,2749000,2017,120000,Diesel
1337,Hyundai,141000,2009,56400,Petrol
1338,Hyundai,1375000,2017,70000,Diesel
1339,Toyota,1825000,2016,82567,Diesel
1340,Audi,4900000,2015,32000,Diesel
1341,Honda,525000,2015,68244,Diesel
1342,Audi,3300000,2014,25000,Diesel
1343,Hyundai,405000,2018,34000,Petrol
1344,Audi,2550000,2017,36000,Diesel
1345,Honda,875000,2019,36000,Petrol
1346,Maruti Suzuki,355000,2014,68005,Petrol
1347,Ford,925000,2018,74797,Diesel
1348,Land Rover,6500000,2021,12000,Diesel
1349,Hyundai,625000,2019,31000,Petrol
1350,Datsun,425000,2020,7520,Petrol
1351,Hyundai,550000,2015,58078,Petrol
1352,Volkswagen,434999,2014,79081,Diesel
1353,Mercedes-Benz,5900000,2018,28000,Diesel
1354,Mercedes-Benz,3500000,2017,72000,Diesel
1355,Hyundai,1750000,2022,23000,Petrol
1356,Chevrolet,475000,2012,74000,Diesel
1357,Hyundai,425000,2015,11628,Petrol
1358,Ford,675000,2017,81323,Diesel
1359,Maruti Suzuki,675000,2016,50000,Diesel
1360,Toyota,1725000,2016,145000,Diesel
1361,Audi,1760000,2017,48000,Petrol
1362,Maruti Suzuki,730000,2017,80000,Diesel
1363,Maruti Suzuki,301000,2011,28513,Petrol
1364,Maruti Suzuki,275000,2011,42000,LPG
1365,Ford,225000,2013,87000,Diesel
1366,Hyundai,185000,2012,55700,Petrol
1367,Maruti Suzuki,285000,2017,45600,Petrol
1368,Volkswagen,350000,2013,78000,Diesel
1369,Rolls-Royce,20000000,2012,55000,Petrol
1370,Mercedes-Benz,12900000,2021,3000,Diesel
1371,Skoda,1650000,2017,52458,Petrol
1372,Maruti Suzuki,265000,2017,30000,CNG
1373,Tata,395000,2017,46992,Petrol
1374,Honda,500000,2016,54440,Petrol
1375,Mahindra,2770000,2019,32000,Diesel
1376,Mercedes-Benz,2450000,2015,103000,Diesel
1377,Audi,3125000,2020,28600,Petrol
1378,Kia,2950000,2020,72000,Diesel
1379,Maruti Suzuki,620000,2016,64906,Diesel
1380,Mercedes-Benz,2250000,2016,79000,Diesel
1381,Maruti Suzuki,565000,2017,64000,Petrol
1382,Hyundai,550000,2018,56000,Petrol
1383,Hyundai,178000,2007,85000,Petrol
1384,Mahindra,1550000,2022,12000,Diesel
1385,Maruti Suzuki,711000,2018,67900,Diesel
1386,Tata,375000,2018,48144,Petrol
1387,BMW,4475000,2021,7100,Diesel
1388,Porsche,9100000,2022,9000,Petrol
1389,Maruti Suzuki,245000,2016,64000,Petrol
1390,Honda,690000,2016,38000,Diesel
1391,Toyota,944999,2016,65321,Diesel
1392,Mercedes-Benz,1350000,2014,80000,Petrol
1393,Maruti Suzuki,850000,2018,37093,Diesel
1394,Volkswagen,1200000,2021,37230,Petrol
1395,Maruti Suzuki,329000,2014,76116,Petrol
1396,Honda,300000,2010,83359,Petrol
1397,Audi,1150000,2013,30000,Diesel
1398,BMW,4900000,2018,38000,Diesel
1399,Hyundai,465000,2019,28000,CNG
1400,Skoda,2350000,2018,14120,Petrol
1401,Hyundai,250000,2014,25000,Petrol
1402,MG,1950000,2020,28584,Petrol
1403,BMW,2975000,2015,87000,Diesel
1404,Land Rover,3800000,2017,50000,Diesel
1405,Maruti Suzuki,330000,2017,63200,CNG
1406,Hyundai,409999,2014,55000,Petrol
1407,Ford,575000,2019,71569,Diesel
1408,Hyundai,270000,2012,41200,Petrol
1409,Mahindra,434999,2013,117000,Diesel
1410,Maruti Suzuki,465000,2014,65000,Petrol
1411,BMW,6800000,2022,33000,Diesel
1412,Hyundai,350000,2011,21000,Petrol
1413,Hyundai,900000,2020,23000,Petrol
1414,Maruti Suzuki,595000,2016,26357,Petrol
1415,Hyundai,1260000,2018,33500,Petrol
1416,Tata,530000,2020,5923,Diesel
1417,Maruti Suzuki,599000,2015,72000,Diesel
1418,Mahindra,1595000,2018,54154,Diesel
1419,Volvo,1798999,2017,14000,Diesel
1420,Maruti Suzuki,636000,2021,35500,Petrol
1421,Hyundai,950000,2018,63000,Diesel
1422,Maruti Suzuki,800000,2017,52836,Diesel
1423,Maruti Suzuki,434000,2017,50000,Petrol
1424,Hyundai,625000,2016,72114,Diesel
1425,Maruti Suzuki,245000,2015,72000,CNG
1426,Mercedes-Benz,3100000,2019,24000,Petrol
1427,Audi,1490000,2012,42000,Diesel
1428,BMW,6000000,2018,27600,Diesel
1429,Maruti Suzuki,295000,2015,31000,Petrol
1430,Maruti Suzuki,450000,2018,32000,Petrol
1431,Toyota,1989999,2018,55000,Diesel
1432,Lexus,3900000,2017,31059,Petrol
1433,Honda,635000,2016,72200,Diesel
1434,Tata,575000,2013,72000,Diesel
1435,Maruti Suzuki,590000,2016,77000,Diesel
1436,Honda,1199000,2020,26497,Petrol
1437,Hyundai,380000,2013,57000,Petrol
1438,Audi,975000,2012,56000,Diesel
1439,Maruti Suzuki,365000,2015,20100,Petrol
1440,Audi,1000000,2010,67000,Petrol
1441,Mahindra,1800000,2021,14500,Diesel
1442,Hyundai,245000,2011,41000,Petrol
1443,Kia,1275000,2021,30000,Diesel
1444,Mercedes-Benz,7000000,2020,19000,Petrol
1445,Mahindra,955000,2016,110000,Diesel
1446,Mahindra,630000,2015,115339,Diesel
1447,Audi,4475000,2020,18000,Diesel
1448,Mahindra,1950000,2022,4500,Diesel
1449,BMW,1295000,2011,56000,Diesel
1450,Hyundai,890000,2017,49000,Petrol
1451,Mercedes-Benz,6750000,2022,7000,Diesel
1452,BMW,2275000,2015,78362,Diesel
1453,Mahindra,1864999,2020,30000,Diesel
1454,Hyundai,540000,2015,59000,Diesel
1455,BMW,3125000,2018,49000,Diesel
1456,Mercedes-Benz,3200000,2014,60513,Diesel
1457,Mercedes-Benz,2750000,2019,56500,Diesel
1458,Hyundai,400000,2013,71000,Diesel
1459,Audi,3750000,2016,88000,Diesel
1460,Hyundai,800000,2018,68000,Diesel
1461,Maruti Suzuki,780000,2017,94827,Diesel
1462,Maruti Suzuki,220000,2010,62000,Petrol
1463,Maruti Suzuki,225000,2012,57000,CNG
1464,BMW,2385000,2017,22120,Diesel
1465,BMW,3400000,2019,11000,Diesel
1466,Audi,2850000,2017,58000,Petrol
1467,Maruti Suzuki,990000,2019,54572,Diesel
1468,Honda,325000,2010,56000,Petrol
1469,Honda,325000,2011,89000,Petrol
1470,Skoda,549000,2014,42000,Diesel
1471,Renault,340000,2017,6000,Diesel
1472,Honda,425000,2013,79500,Diesel
1473,BMW,1689999,2015,82000,Diesel
1474,Toyota,2750000,2021,34228,Diesel
1475,Maruti Suzuki,515000,2014,141334,Diesel
1476,Maruti Suzuki,550000,2018,50000,Petrol
1477,Nissan,550000,2014,65000,Diesel
1478,Tata,555000,2018,20000,Petrol
1479,Maruti Suzuki,391000,2017,24000,Petrol
1480,Maruti Suzuki,560000,2017,36000,Petrol
1481,Audi,1420000,2013,117000,Diesel
1482,Volkswagen,950000,2021,24000,Petrol
1483,Maruti Suzuki,490000,2017,82000,Petrol
1484,Hyundai,1044999,2016,78000,Diesel
1485,Audi,5200000,2017,45000,Diesel
1486,Hyundai,1125000,2019,50000,Petrol
1487,MINI,1950000,2014,24000,Diesel
1488,Maruti Suzuki,260000,2009,77000,Petrol
1489,Hyundai,165000,2009,55000,Petrol
1490,Hyundai,490000,2018,66000,Petrol
1491,Maruti Suzuki,185000,2012,37000,Petrol
1492,Honda,375000,2012,80350,Petrol
1493,Mercedes-Benz,975000,2013,102000,Diesel
1494,Maruti Suzuki,450000,2016,48200,Petrol
1495,Maruti Suzuki,459999,2015,55000,Diesel
1496,Lexus,5200000,2020,14000,Hybrid
1497,Hyundai,700000,2020,25000,Petrol
1498,Volkswagen,1025000,2020,20124,Petrol
1499,Hyundai,380000,2015,55660,Petrol
1500,Skoda,819999,2015,94580,Petrol
1501,Mercedes-Benz,1691000,2015,45000,Petrol
1502,Mercedes-Benz,5200000,2019,10000,Diesel
1503,Maruti Suzuki,725000,2016,57000,Diesel
1504,Hyundai,725000,2021,45000,CNG
1505,Maruti Suzuki,155000,2011,90342,CNG
1506,Honda,700000,2022,1000,Petrol
1507,Hyundai,235000,2011,135000,Diesel
1508,Toyota,1975000,2014,123000,Diesel
1509,Mahindra,810000,2012,47531,Diesel
1510,Kia,1350000,2019,79000,Diesel
1511,Mahindra,450000,2011,95000,Diesel
1512,Hyundai,250000,2011,53000,Petrol
1513,Hyundai,819999,2020,30000,Diesel
1514,Toyota,2690000,2017,65000,Diesel
1515,Hyundai,1240000,2018,440000,Diesel
1516,Honda,790000,2016,63088,Petrol
1517,Hyundai,150000,2008,62000,Petrol
1518,Chevrolet,400000,2011,80000,Diesel
1519,BMW,8300000,2020,29000,Diesel
1520,Volvo,6000000,2020,2600,Diesel
1521,Hyundai,390000,2014,81000,Diesel
1522,Hyundai,385000,2011,73000,Petrol
1523,Ford,3650000,2019,34000,Diesel
1524,Hyundai,547000,2013,36623,Petrol
1525,Hyundai,1295000,2018,30000,Petrol
1526,Maruti Suzuki,570000,2022,5000,Petrol
1527,Honda,844999,2014,80121,Petrol
1528,Hyundai,250000,2011,64000,Petrol
1529,Toyota,1670000,2019,39000,Petrol
1530,Maruti Suzuki,890000,2017,70000,Diesel
1531,Audi,2380000,2019,36000,Diesel
1532,Maruti Suzuki,775000,2018,40000,Petrol
1533,Mercedes-Benz,7050000,2022,1102,Petrol
1534,Volkswagen,500000,2014,62000,Diesel
1535,Mercedes-Benz,675000,2011,97000,Diesel
1536,Volkswagen,525000,2014,43550,Petrol
1537,Ford,850000,2019,28000,Diesel
1538,Renault,390000,2018,47874,Petrol
1539,Hyundai,965000,2018,87001,Diesel
1540,Ssangyong,975000,2013,72000,Diesel
1541,BMW,3025000,2019,59000,Diesel
1542,Toyota,650000,2012,143477,Diesel
1543,Audi,1390000,2014,85900,Diesel
1544,Maruti Suzuki,950000,2022,10000,Petrol
1545,Audi,5900000,2018,47000,Diesel
1546,Maruti Suzuki,409999,2014,55000,Petrol
1547,Volkswagen,575000,2017,69508,Diesel
1548,Honda,1450000,2022,2500,Diesel
1549,Maruti Suzuki,185000,2010,64000,Petrol
1550,Mercedes-Benz,1650000,2014,53089,Petrol
1551,Maruti Suzuki,823000,2018,90000,Petrol
1552,Tata,2095000,2021,23000,Diesel
1553,Maruti Suzuki,350000,2012,55000,Petrol
1554,Hyundai,335000,2016,64000,Diesel
1555,Hyundai,649000,2020,52236,Petrol
1556,Honda,400000,2013,76000,Petrol
1557,BMW,5500000,2020,19000,Petrol
1558,Toyota,1375000,2013,97000,Diesel
1559,Hyundai,1190000,2018,76000,Diesel
1560,Tata,1930000,2021,15000,Diesel
1561,Toyota,990000,2015,98000,Diesel
1562,Hyundai,725000,2017,36597,Petrol
1563,Mercedes-Benz,6100000,2022,500,Diesel
1564,Maruti Suzuki,575000,2015,48000,Petrol
1565,Land Rover,3200000,2016,55000,Diesel
1566,Toyota,2850000,2022,16000,Diesel
1567,Maruti Suzuki,725000,2016,53000,Petrol
1568,Nissan,380000,2013,35000,Diesel
1569,Honda,434999,2014,50000,Petrol
1570,Volkswagen,425000,2016,52600,Petrol
1571,Honda,675000,2020,25000,Petrol
1572,Hyundai,399000,2014,74000,Petrol
1573,Volkswagen,685000,2015,85000,Diesel
1574,Maruti Suzuki,265000,2011,28000,Petrol
1575,Volkswagen,940000,2021,35000,Petrol
1576,Mercedes-Benz,13100000,2021,17000,Petrol
1577,Audi,2690000,2016,57000,Diesel
1578,Honda,1255000,2021,10000,Petrol
1579,Audi,825000,2009,63300,Diesel
1580,Hyundai,390000,2014,46000,Petrol
1581,Hyundai,525000,2014,64000,Diesel
1582,Audi,3450000,2022,4600,Petrol
1583,Mercedes-Benz,2825000,2018,23000,Diesel
1584,Mahindra,1090000,2017,144933,Diesel
1585,Honda,275000,2009,80000,Petrol
1586,Toyota,434999,2015,32545,Petrol
1587,Hyundai,2089999,2019,31000,Diesel
1588,Maruti Suzuki,500000,2015,50000,Diesel
1589,Maruti Suzuki,400000,2015,65000,Diesel
1590,Hyundai,225000,2012,26000,Petrol
1591,Mahindra,965000,2021,27000,Diesel
1592,Hyundai,825000,2017,62000,Diesel
1593,Hyundai,254999,2012,17000,Petrol
1594,Mahindra,525000,2015,39234,Diesel
1595,Ford,285000,2013,72000,Diesel
1596,Chevrolet,229999,2011,41215,Diesel
1597,Volvo,4400000,2020,16519,Petrol
1598,Maruti Suzuki,200000,2011,51000,Petrol
1599,Maruti Suzuki,1011000,2019,74179,Diesel
1600,Mercedes-Benz,6500000,2020,13000,Diesel
1601,Maruti Suzuki,1063000,2019,31056,Diesel
1602,Maruti Suzuki,675000,2016,49148,Petrol
1603,Mercedes-Benz,7475000,2021,13000,Diesel
1604,Mercedes-Benz,7000000,2021,19000,Diesel
1605,Audi,2175000,2015,152000,Diesel
1606,Honda,690000,2015,59000,Petrol
1607,Audi,1525000,2016,32000,Diesel
1608,Honda,475000,2011,72000,Petrol
1609,Hyundai,1123000,2017,80000,Diesel
1610,Maruti Suzuki,990000,2019,21894,Petrol
1611,BMW,5250000,2018,21000,Diesel
1612,Honda,515000,2015,63587,Diesel
1613,Maruti Suzuki,850000,2019,32000,Petrol
1614,Maruti Suzuki,865000,2018,53694,Diesel
1615,Maruti Suzuki,365000,2009,140000,Diesel
1616,Mercedes-Benz,3390000,2015,91100,Diesel
1617,Audi,1450000,2014,58000,Diesel
1618,Hyundai,434999,2012,76148,Diesel
1619,Mahindra,650000,2015,104000,Diesel
1620,Audi,1175000,2013,50000,Diesel
1621,Hyundai,325000,2017,56000,Petrol
1622,Renault,525000,2014,48000,Diesel
1623,Maruti Suzuki,1225000,2021,23000,Petrol
1624,Mercedes-Benz,4200000,2021,5600,Diesel
1625,Hyundai,550000,2015,33000,Petrol
1626,Hyundai,1275000,2019,58900,Diesel
1627,Jeep,1585000,2019,65000,Diesel
1628,Toyota,960000,2012,222000,Diesel
1629,Land Rover,3900000,2016,20000,Diesel
1630,Renault,434999,2019,32000,Petrol
1631,Mahindra,650000,2017,62000,Diesel
1632,Maruti Suzuki,775000,2017,71000,Petrol
1633,Hyundai,185000,2008,61000,Petrol
1634,Maruti Suzuki,204999,2011,42152,Petrol
1635,Hyundai,560000,2017,29000,Petrol
1636,Toyota,1000000,2014,158690,Diesel
1637,Mercedes-Benz,5000000,2016,61000,Diesel
1638,Maruti Suzuki,635000,2016,92000,Diesel
1639,Maruti Suzuki,650000,2020,42000,Petrol
1640,Datsun,345000,2019,60969,Petrol
1641,Mahindra,865000,2017,93000,Diesel
1642,Audi,1380000,2014,100000,Diesel
1643,Maruti Suzuki,585000,2018,31000,Petrol
1644,Toyota,690000,2020,55000,Petrol
1645,Maruti Suzuki,380000,2018,68320,CNG
1646,Tata,850000,2018,65000,Diesel
1647,Toyota,1750000,2013,95000,Diesel
1648,Maruti Suzuki,275000,2013,85785,Diesel
1649,Volkswagen,690000,2018,38000,Petrol
1650,Hyundai,1130000,2020,12905,Petrol
1651,Toyota,2295000,2019,26000,Diesel
1652,Mercedes-Benz,4100000,2021,9000,Petrol
1653,Tata,725000,2018,65000,Diesel
1654,Hyundai,595000,2019,48000,Petrol
1655,Hyundai,290000,2011,91000,Petrol
1656,Hyundai,350000,2011,84873,Petrol
1657,Jeep,6100000,2022,15000,Petrol
1658,Mahindra,1080000,2020,52000,Diesel
1659,Toyota,299000,2013,90000,Diesel
1660,Maruti Suzuki,575000,2018,58000,Petrol + CNG
1661,Honda,390000,2014,67000,Petrol
1662,Mahindra,875000,2015,67000,Diesel
1663,Hyundai,1175000,2021,37556,Diesel
1664,Maruti Suzuki,260000,2012,54000,Petrol
1665,Honda,650000,2019,42000,Petrol
1666,Volkswagen,625000,2017,55000,Petrol
1667,MG,1725000,2019,23952,Diesel
1668,Maruti Suzuki,299000,2015,92000,CNG
1669,Hyundai,375000,2013,34000,Petrol
1670,Maruti Suzuki,639000,2020,44300,Petrol
1671,Maruti Suzuki,591000,2015,65000,Diesel
1672,Mercedes-Benz,4200000,2018,102000,Diesel
1673,Honda,250000,2009,110000,Petrol
1674,Kia,1399000,2021,11000,Petrol
1675,Hyundai,740000,2020,39000,CNG
1676,Hyundai,175000,2009,65000,Petrol
1677,BMW,3750000,2019,42500,Diesel
1678,BMW,1600000,2013,80000,Diesel
1679,Maruti Suzuki,285000,2013,25200,Petrol
1680,Honda,250000,2017,132683,Diesel
1681,Renault,625000,2017,81000,Diesel
1682,Maruti Suzuki,190000,2011,58888,Petrol
1683,BMW,4800000,2019,30000,Diesel
1684,Maruti Suzuki,575000,2015,50599,Petrol
1685,BMW,2800000,2017,29000,Diesel
1686,Honda,785000,2018,23000,Petrol
1687,Land Rover,4575000,2019,50000,Diesel
1688,Audi,1950000,2016,84878,Diesel
1689,BMW,4800000,2019,31000,Diesel
1690,Toyota,1998999,2019,71063,Diesel
1691,Ford,475000,2016,69001,Petrol
1692,Hyundai,415000,2014,62000,Diesel
1693,Hyundai,375000,2012,82000,Diesel
1694,Toyota,300000,2011,49200,Petrol
1695,Mahindra,1500000,2021,8000,Petrol
1696,Maruti Suzuki,975000,2019,58000,Diesel
1697,Maruti Suzuki,370000,2015,64000,Petrol
1698,Hyundai,250000,2012,48568,Petrol
1699,Jaguar,3150000,2014,66500,Diesel
1700,Mahindra,1115000,2018,58590,Diesel
1701,Hyundai,130000,2009,59000,Petrol
1702,Maruti Suzuki,299000,2013,47000,Petrol
1703,Hyundai,300000,2014,40000,Petrol
1704,Skoda,3325000,2021,13092,Petrol
1705,Audi,1950000,2016,57057,Diesel
1706,Maruti Suzuki,500000,2015,90000,Diesel
1707,Hyundai,595000,2015,45000,Petrol
1708,Maruti Suzuki,484999,2018,44000,Petrol
1709,Mahindra,1700000,2021,17000,Diesel
1710,Maruti Suzuki,579000,2019,50860,Petrol
1711,Ford,3800000,2020,20000,Diesel
1712,Toyota,3290000,2018,51000,Diesel
1713,Mercedes-Benz,4250000,2018,24000,Diesel
1714,Maruti Suzuki,535000,2017,34908,Petrol
1715,Renault,775000,2017,67000,Diesel
1716,Maruti Suzuki,345000,2014,19000,Petrol
1717,Skoda,3400000,2019,30600,Petrol
1718,BMW,4500000,2018,49500,Diesel
1719,Honda,525000,2016,18800,Petrol
1720,Hyundai,650000,2016,100000,Petrol
1721,Hyundai,1074000,2017,50050,Petrol
1722,Hyundai,1750000,2021,14000,Diesel
1723,Nissan,590000,2014,55000,Diesel
1724,Ford,7990000,2018,23000,Petrol
1725,Hyundai,1725000,2020,35000,Diesel
1726,Maruti Suzuki,630000,2019,20734,Petrol
1727,Mercedes-Benz,6975000,2020,15200,Diesel
1728,Toyota,1375000,2013,83000,Diesel
1729,Honda,425000,2014,75000,Diesel
1730,Toyota,2196000,2019,42794,Diesel
1731,Mercedes-Benz,6300000,2020,40000,Diesel
1732,Maruti Suzuki,200000,2008,41000,Petrol
1733,Honda,250000,2009,72256,Petrol
1734,Audi,2950000,2018,17300,Diesel
1735,Mahindra,985000,2017,68000,Diesel
1736,Hyundai,750000,2019,43600,Petrol
1737,Maruti Suzuki,450000,2018,43000,Petrol
1738,Maruti Suzuki,849000,2021,17283,Petrol
1739,Maruti Suzuki,430000,2014,59000,Petrol
1740,Maruti Suzuki,740000,2017,88000,Diesel
1741,Mercedes-Benz,1975000,2015,19000,Petrol
1742,BMW,12500000,2021,9500,Petrol
1743,Hyundai,1260000,2018,36000,Petrol
1744,Renault,250000,2017,32000,Petrol
1745,Hyundai,975000,2018,53300,Petrol
1746,Audi,4151000,2022,1,Petrol
1747,BMW,3250000,2020,32005,Diesel
1748,Ford,3450000,2018,35000,Diesel
1749,BMW,6680000,2022,18223,Petrol
1750,Mahindra,600000,2016,92000,Diesel
1751,Hyundai,1465000,2019,22000,Petrol
1752,Hyundai,475000,2014,62000,Petrol
1753,Renault,1000000,2022,4000,Petrol
1754,Toyota,1850000,2016,72000,Diesel
1755,Maruti Suzuki,570000,2015,60798,Petrol
1756,Hyundai,770000,2016,20000,Petrol
1757,Honda,1040000,2019,18000,Petrol
1758,Mahindra,675000,2014,78000,Diesel
1759,Maruti Suzuki,450000,2014,52000,Petrol
1760,Maruti Suzuki,800000,2022,10000,Petrol
1761,Tata,2200000,2021,32000,Diesel
1762,Mahindra,1075000,2015,138000,Diesel
1763,Maruti Suzuki,560000,2018,84500,Diesel
1764,Hyundai,450000,2016,47000,Petrol
1765,Volvo,4175000,2018,20000,Diesel
1766,MINI,5200000,2022,0,Petrol
1767,Hyundai,810000,2018,73000,Diesel
1768,Mercedes-Benz,1875000,2011,72000,Petrol
1769,Honda,520000,2015,42000,Petrol
1770,Mercedes-Benz,8900000,2021,9000,Diesel
1771,Porsche,5590000,2015,33000,Diesel
1772,Maruti Suzuki,425000,2015,36528,Diesel
1773,Maruti Suzuki,325000,2012,30000,Petrol
1774,MG,1889999,2021,17000,Petrol
1775,Volvo,1950000,2016,79000,Diesel
1776,BMW,5300000,2019,15087,Diesel
1777,Mahindra,950000,2018,41000,Diesel
1778,Volvo,8500000,2021,32500,Diesel
1779,Audi,1975000,2015,61000,Diesel
1780,Mercedes-Benz,4200000,2017,85000,Diesel
1781,Mercedes-Benz,3500000,2019,55000,Diesel
1782,Renault,375000,2017,45000,Petrol
1783,Mercedes-Benz,1825000,2016,58000,Diesel
1784,Mahindra,1710000,2021,4400,Petrol
1785,Maruti Suzuki,375000,2014,35000,Petrol
1786,Maruti Suzuki,285000,2016,22346,Petrol
1787,Mahindra,1850000,2021,23280,Petrol
1788,Maruti Suzuki,621000,2013,72000,Diesel
1789,Mitsubishi,1475000,2016,82000,Diesel
1790,Toyota,1800000,2015,86000,Diesel
1791,Hyundai,399000,2018,38000,Petrol
1792,Hyundai,890000,2015,138314,Diesel
1793,Hyundai,1325000,2021,9900,Petrol
1794,Mercedes-Benz,5300000,2022,12500,Diesel
1795,Mercedes-Benz,4775000,2018,51529,Diesel
1796,Mahindra,249000,2013,60000,Diesel
1797,Maruti Suzuki,509999,2019,48000,Petrol
1798,Jeep,1450000,2018,90000,Diesel
1799,Maruti Suzuki,640000,2017,63000,Diesel
1800,Maruti Suzuki,299000,2017,65822,Diesel
1801,Maruti Suzuki,195000,2009,102000,LPG
1802,Mercedes-Benz,1495000,2011,72100,Diesel
1803,Porsche,14900000,2021,7534,Petrol
1804,Toyota,350000,2013,34000,Petrol
1805,Toyota,1421000,2017,75000,Diesel
1806,Honda,595000,2017,99000,Petrol
1807,Maruti Suzuki,351000,2013,42000,Diesel
1808,Maruti Suzuki,325000,2012,118000,Petrol
1809,Mahindra,975000,2017,78000,Diesel
1810,Maruti Suzuki,825000,2019,44000,Petrol
1811,Tata,1050000,2017,88757,Diesel
1812,Audi,1970000,2017,85000,Diesel
1813,BMW,4100000,2020,12136,Diesel
1814,Maruti Suzuki,385000,2019,2200,Petrol
1815,Audi,1525000,2015,49000,Diesel
1816,Mercedes-Benz,4150000,2021,6000,Petrol
1817,Maruti Suzuki,725000,2017,64000,Diesel
1818,Toyota,340000,2011,109000,Petrol
1819,Maruti Suzuki,650000,2018,32000,Petrol
1820,Maruti Suzuki,570000,2019,13000,Petrol
1821,Toyota,160000,2008,90000,Diesel
1822,Mahindra,1220000,2020,35000,Diesel
1823,Mahindra,800000,2017,112000,Diesel
1824,Maruti Suzuki,660000,2017,40000,Petrol
1825,Honda,575000,2017,53580,Petrol
1826,Mahindra,240000,2013,51500,Diesel
1827,Honda,950000,2019,22000,Petrol
1828,Renault,419000,2017,23700,Petrol
1829,Maruti Suzuki,750000,2017,48069,Petrol
1830,Audi,3400000,2019,48000,Diesel
1831,Skoda,1160000,2015,47981,Diesel
1832,Hyundai,1750000,2021,26000,Diesel
1833,Kia,1575000,2020,63000,Diesel
1834,Toyota,2811000,2019,71500,Diesel
1835,Hyundai,475000,2016,16630,Petrol
1836,Audi,4351000,2018,36000,Diesel
1837,Honda,850000,2017,47255,Petrol
1838,Mahindra,1095000,2018,50000,Diesel
1839,BMW,7700000,2021,18703,Diesel
1840,Audi,5800000,2021,7935,Petrol
1841,Hyundai,1925000,2022,9355,Petrol
1842,Renault,305000,2018,34800,Petrol
1843,Nissan,385000,2013,72000,Diesel
1844,Skoda,500000,2012,86288,Diesel
1845,Honda,655000,2017,24003,Petrol
1846,Tata,925000,2017,28000,Diesel
1847,Hyundai,690000,2017,65000,Diesel
1848,Mahindra,1500000,2019,75000,Diesel
1849,Maruti Suzuki,625000,2015,45000,Diesel
1850,Hyundai,844999,2018,71000,Diesel
1851,Honda,745000,2018,54000,Petrol
1852,Mahindra,650000,2015,49776,Diesel
1853,Maruti Suzuki,640000,2017,61000,Diesel
1854,Volvo,2050000,2017,68000,Diesel
1855,Maruti Suzuki,395000,2014,47884,Petrol
1856,Skoda,1390000,2017,56000,Petrol
1857,Honda,365000,2010,58424,Petrol
1858,Hyundai,451000,2017,55000,Diesel
1859,Maruti Suzuki,130000,1996,100000,Petrol + LPG
1860,Toyota,2150000,2017,45000,Diesel
1861,Maruti Suzuki,195000,2011,75000,Diesel
1862,Skoda,880000,2018,47000,Petrol
1863,Hyundai,1180000,2019,38000,Petrol
1864,Maruti Suzuki,285000,2016,17000,Petrol
1865,BMW,7998999,2020,20000,Diesel
1866,Hyundai,925000,2018,925000,Diesel
1867,Ford,675000,2019,35000,Diesel
1868,MINI,2500000,2015,34303,Diesel
1869,Audi,3675000,2019,34000,Diesel
1870,Hyundai,2400000,2022,8000,Diesel
1871,Kia,1300000,2020,27000,Diesel
1872,Hyundai,825000,2021,6600,Petrol
1873,Toyota,899000,2015,125000,Diesel
1874,Maruti Suzuki,409999,2021,13424,Petrol
1875,Maruti Suzuki,289000,2015,78000,CNG
1876,Maruti Suzuki,280000,2011,69276,Petrol
1877,Hyundai,811999,2017,31000,Diesel
1878,BMW,5400000,2017,33000,Diesel
1879,Maruti Suzuki,220000,2012,54000,Petrol
1880,Volkswagen,625000,2014,54000,Diesel
1881,Maruti Suzuki,725000,2017,75000,Diesel
1882,BMW,4195000,2017,63651,Diesel
1883,Audi,1450000,2014,71796,Diesel
1884,Nissan,425000,2014,74000,Diesel
1885,Hyundai,250000,2013,82461,Petrol
1886,Maruti Suzuki,800000,2018,66000,Diesel
1887,Mahindra,875000,2015,87000,Diesel
1888,Mercedes-Benz,2275000,2016,61109,Diesel
1889,Tata,525000,2019,32000,Petrol
1890,Mercedes-Benz,20000000,2021,6600,Petrol
1891,Mahindra,1520000,2021,14000,Petrol
1892,Hyundai,170000,2009,135797,Petrol
1893,Ford,3300000,2019,42475,Diesel
1894,Maruti Suzuki,575000,2018,27239,Petrol
1895,Chevrolet,190000,2013,66000,Petrol
1896,Hyundai,755000,2022,2272,Petrol
1897,Honda,1130000,2015,50000,Petrol
1898,Maruti Suzuki,316000,2019,17491,Petrol
1899,Maruti Suzuki,610000,2017,38674,Petrol
1900,Audi,1875000,2016,40000,Diesel
1901,Maruti Suzuki,480000,2021,14000,CNG
1902,Renault,365000,2019,32000,Petrol
1903,Hyundai,250000,2012,72000,Petrol
1904,Ford,745000,2017,82000,Diesel
1905,Mercedes-Benz,1150000,2013,52000,Petrol
1906,MG,2100000,2020,38500,Electric
1907,Hyundai,200000,2014,56000,Diesel
1908,Honda,775000,2016,42000,Petrol
1909,Hyundai,860000,2016,57983,Petrol
1910,Audi,2089999,2018,15600,Petrol
1911,Hyundai,1100000,2019,26000,Diesel
1912,Mercedes-Benz,18500000,2021,5000,Diesel
1913,Maruti Suzuki,260000,2011,90000,Diesel
1914,Mercedes-Benz,2690000,2016,43323,Diesel
1915,Skoda,1400000,2020,94182,Diesel
1916,Hyundai,515000,2022,3395,Petrol
1917,Maruti Suzuki,600000,2014,53213,Diesel
1918,Ford,2000000,2017,93000,Diesel
1919,Jaguar,2850000,2018,45000,Diesel
1920,Toyota,3200000,2017,110000,Diesel
1921,Toyota,1075000,2016,70000,Petrol
1922,Tata,575000,2020,40000,Petrol
1923,Volvo,3950000,2018,52000,Diesel
1924,Maruti Suzuki,750000,2019,6200,Petrol
1925,Honda,755000,2017,75650,Diesel
1926,Hyundai,190000,2010,60000,Petrol
1927,Maruti Suzuki,425000,2014,89000,Diesel
1928,Porsche,3600000,2014,43000,Petrol
1929,Maruti Suzuki,390000,2019,56000,CNG
1930,Hyundai,855000,2017,57000,Diesel
1931,Hyundai,225000,2012,56000,Petrol
1932,Audi,2425000,2016,60000,Diesel
1933,Mahindra,1270000,2019,61805,Diesel
1934,Maruti Suzuki,325000,2014,58000,CNG
1935,Tata,750000,2019,33000,Petrol
1936,Honda,185000,2008,70000,Petrol
1937,Maruti Suzuki,450000,2014,48000,Petrol
1938,MG,1710000,2020,12400,Diesel
1939,Mahindra,665000,2017,92000,Diesel
1940,Hyundai,871000,2015,64000,Diesel
1941,Maruti Suzuki,625000,2021,18000,CNG
1942,Mahindra,495000,2016,53376,Diesel
1943,Honda,600000,2016,70000,Diesel
1944,Mahindra,875000,2019,70000,Diesel
1945,Hyundai,595000,2014,65123,Diesel
1946,Honda,425000,2014,58600,Petrol
1947,Hyundai,1050000,2021,7500,Petrol
1948,Hyundai,1299000,2019,39000,Diesel
1949,Hyundai,175000,2009,23000,Petrol
1950,Maruti Suzuki,994999,2019,27900,Petrol
1951,Maruti Suzuki,1025000,2019,42000,CNG
1952,BMW,4175000,2016,27011,Diesel
1953,Renault,265000,2016,122000,Petrol
1954,Maruti Suzuki,475000,2015,48000,Petrol
1955,Hyundai,660000,2018,9000,Petrol
1956,Renault,490000,2019,32000,Petrol
1957,Toyota,1950000,2018,54000,Petrol
1958,Nissan,315000,2012,57000,Petrol
1959,Mercedes-Benz,4190000,2017,90000,Diesel
1960,Honda,341000,2016,49000,Petrol
1961,Maruti Suzuki,950000,2018,71000,Diesel
1962,Maruti Suzuki,409999,2014,20000,Petrol
1963,Maruti Suzuki,290000,2012,12300,Petrol
1964,Maruti Suzuki,1050000,2021,5000,Diesel
1965,Maruti Suzuki,365000,2013,68000,Petrol
1966,Mercedes-Benz,3100000,2019,17000,Diesel
1967,Mahindra,1875000,2022,15000,Diesel
1968,Land Rover,5100000,2019,24444,Petrol
1969,Ford,595000,2015,43000,Diesel
1970,Mercedes-Benz,5200000,2020,18000,Diesel
1971,Land Rover,6000000,2014,82000,Diesel
1972,Mercedes-Benz,5775000,2019,57000,Diesel
1973,Mercedes-Benz,4975000,2021,2610,Petrol
1974,Maruti Suzuki,650000,2017,92000,Diesel
1975,Maruti Suzuki,521000,2017,40879,Petrol
1976,Ford,570000,2016,80000,Diesel
1977,Mercedes-Benz,8100000,2022,5500,Diesel
1978,Maruti Suzuki,160000,2011,89000,Diesel
1979,BMW,5500000,2017,68690,Diesel
1980,Maruti Suzuki,420000,2018,50000,Petrol
1981,Renault,299000,2018,19000,Petrol
1982,Skoda,350000,2012,130000,Diesel
1983,Maruti Suzuki,575000,2017,35000,Diesel
1984,Honda,335000,2013,64418,Petrol
1985,Hyundai,480000,2019,10265,Petrol
1986,Maruti Suzuki,675000,2021,15000,CNG
1987,Ford,350000,2012,85000,Diesel
1988,Mercedes-Benz,2500000,2018,90000,Diesel
1989,Maruti Suzuki,260000,2013,89000,CNG
1990,Maruti Suzuki,400000,2017,43000,CNG
1991,Toyota,2750000,2017,219000,Diesel
1992,Toyota,555000,2010,261236,Petrol
1993,Maruti Suzuki,790000,2017,50000,Diesel
1994,Maruti Suzuki,180000,2014,48000,Petrol
1995,Hyundai,551000,2019,39000,Diesel
1996,Maruti Suzuki,860000,2018,33030,Diesel
1997,Honda,375000,2013,86000,Petrol
1998,Maruti Suzuki,725000,2017,55000,Petrol
1999,Hyundai,400000,2017,35000,Petrol
2000,Jeep,2275000,2022,2000,Petrol
2001,Jeep,1250000,2018,90000,Diesel
2002,Honda,499000,2012,96506,Petrol
2003,Volkswagen,399000,2014,88000,Petrol
2004,Mercedes-Benz,335000,2008,140987,Diesel
2005,Maruti Suzuki,450000,2015,52000,Petrol
2006,Maruti Suzuki,409999,2015,54443,Petrol
2007,Mercedes-Benz,6100000,2020,9500,Diesel
2008,BMW,4690000,2018,75000,Diesel
2009,Audi,775000,2012,89000,Diesel
2010,Audi,3000000,2017,42000,Petrol
2011,Datsun,250000,2018,25000,Petrol
2012,BMW,6200000,2021,39000,Diesel
2013,Maruti Suzuki,590000,2014,86000,Diesel
2014,MINI,1300000,2013,50300,Diesel
2015,Mahindra,1639999,2018,43000,Diesel
2016,Mahindra,740000,2013,83555,Diesel
2017,Mahindra,770000,2019,27500,Diesel
2018,Ford,530000,2013,75000,Diesel
2019,BMW,2975000,2015,87000,Diesel
2020,Hyundai,1989999,2022,5800,Diesel
2021,Toyota,3250000,2018,173000,Diesel
2022,Kia,1975000,2021,7000,Petrol
2023,Mahindra,735000,2015,121000,Diesel
2024,Tata,425000,2013,96000,Diesel
2025,Honda,195000,2008,57885,Petrol
2026,Toyota,315000,2011,38091,Petrol
2027,Hyundai,275000,2013,34000,Petrol
2028,Honda,750000,2018,75000,Diesel
2029,Toyota,465000,2014,82000,Diesel
2030,Kia,1325000,2021,20000,Petrol
2031,Maruti Suzuki,175000,2008,65000,Diesel
2032,Land Rover,8900000,2020,88000,Petrol
2033,Mercedes-Benz,950000,2011,65000,Petrol
2034,Maruti Suzuki,275000,2011,65000,Diesel
2035,Maruti Suzuki,265000,2011,41000,Petrol
2036,Toyota,1000000,2010,127000,Diesel
2037,Honda,730000,2016,51834,Petrol
2038,Jeep,1495000,2018,28000,Petrol
2039,Mercedes-Benz,1150000,2014,39000,Petrol
2040,Honda,590000,2015,116592,Petrol
2041,Mercedes-Benz,2450000,2014,80000,Diesel
2042,Chevrolet,299000,2014,32000,Petrol
2043,Mercedes-Benz,2850000,2016,21200,Diesel
2044,Mahindra,2765000,2022,75,Petrol
2045,Maruti Suzuki,365000,2014,75693,CNG
2046,Maruti Suzuki,850000,2018,85000,Diesel
2047,Honda,480000,2015,49000,Petrol
2048,Hyundai,345000,2016,71000,Diesel
2049,Mercedes-Benz,5950000,2017,80000,Petrol
2050,Hyundai,891000,2016,47000,Petrol
2051,Maruti Suzuki,925000,2021,48000,Petrol
2052,Hyundai,409999,2014,68000,Diesel
2053,Maruti Suzuki,245000,2014,79000,Petrol
2054,Mahindra,850000,2016,90300,Diesel
2055,Hyundai,275000,2014,83000,Petrol
2056,Ford,240000,2013,73000,Petrol
2057,BMW,4290000,2018,60474,Diesel
2058,Mahindra,670000,2017,72000,Diesel
